[0.065s] DEBUG:colcon:Command line arguments: ['/usr/bin/colcon', 'build', '--symlink-install', '--packages-ignore', 'librealsense2']
[0.065s] DEBUG:colcon:Parsed command line arguments: Namespace(log_base=None, log_level=None, verb_name='build', build_base='build', install_base='install', merge_install=False, symlink_install=True, test_result_base=None, continue_on_error=False, executor='parallel', parallel_workers=12, event_handlers=None, ignore_user_meta=False, metas=['./colcon.meta'], base_paths=['.'], packages_ignore=['librealsense2'], packages_ignore_regex=None, paths=None, packages_up_to=None, packages_up_to_regex=None, packages_above=None, packages_above_and_dependencies=None, packages_above_depth=None, packages_select_by_dep=None, packages_skip_by_dep=None, packages_skip_up_to=None, packages_select_build_failed=False, packages_skip_build_finished=False, packages_select_test_failures=False, packages_skip_test_passed=False, packages_select=None, packages_skip=None, packages_select_regex=None, packages_skip_regex=None, packages_start=None, packages_end=None, allow_overriding=[], cmake_args=None, cmake_target=None, cmake_target_skip_unavailable=False, cmake_clean_cache=False, cmake_clean_first=False, cmake_force_configure=False, ament_cmake_args=None, catkin_cmake_args=None, catkin_skip_building_tests=False, mixin_files=None, mixin=None, verb_parser=<colcon_mixin.mixin.mixin_argument.MixinArgumentDecorator object at 0x7ff58a289510>, verb_extension=<colcon_core.verb.build.BuildVerb object at 0x7ff58a40abc0>, main=<bound method BuildVerb.main of <colcon_core.verb.build.BuildVerb object at 0x7ff58a40abc0>>, mixin_verb=('build',))
[0.154s] Level 1:colcon.colcon_core.package_discovery:discover_packages(colcon_meta) check parameters
[0.154s] Level 1:colcon.colcon_core.package_discovery:discover_packages(recursive) check parameters
[0.154s] Level 1:colcon.colcon_core.package_discovery:discover_packages(ignore) check parameters
[0.154s] Level 1:colcon.colcon_core.package_discovery:discover_packages(path) check parameters
[0.154s] Level 1:colcon.colcon_core.package_discovery:discover_packages(colcon_meta) discover
[0.154s] Level 1:colcon.colcon_core.package_discovery:discover_packages(recursive) discover
[0.154s] INFO:colcon.colcon_core.package_discovery:Crawling recursively for packages in '/home/m5kro/ros2_ws'
[0.154s] Level 1:colcon.colcon_core.package_identification:_identify(.) by extensions ['ignore', 'ignore_ament_install']
[0.154s] Level 1:colcon.colcon_core.package_identification:_identify(.) by extension 'ignore'
[0.154s] Level 1:colcon.colcon_core.package_identification:_identify(.) by extension 'ignore_ament_install'
[0.154s] Level 1:colcon.colcon_core.package_identification:_identify(.) by extensions ['colcon_pkg']
[0.154s] Level 1:colcon.colcon_core.package_identification:_identify(.) by extension 'colcon_pkg'
[0.154s] Level 1:colcon.colcon_core.package_identification:_identify(.) by extensions ['colcon_meta']
[0.154s] Level 1:colcon.colcon_core.package_identification:_identify(.) by extension 'colcon_meta'
[0.154s] Level 1:colcon.colcon_core.package_identification:_identify(.) by extensions ['ros']
[0.154s] Level 1:colcon.colcon_core.package_identification:_identify(.) by extension 'ros'
[0.160s] Level 1:colcon.colcon_core.package_identification:_identify(.) by extensions ['cmake', 'python']
[0.160s] Level 1:colcon.colcon_core.package_identification:_identify(.) by extension 'cmake'
[0.160s] Level 1:colcon.colcon_core.package_identification:_identify(.) by extension 'python'
[0.160s] Level 1:colcon.colcon_core.package_identification:_identify(.) by extensions ['python_setup_py']
[0.160s] Level 1:colcon.colcon_core.package_identification:_identify(.) by extension 'python_setup_py'
[0.160s] Level 1:colcon.colcon_core.package_identification:_identify(build) by extensions ['ignore', 'ignore_ament_install']
[0.160s] Level 1:colcon.colcon_core.package_identification:_identify(build) by extension 'ignore'
[0.161s] Level 1:colcon.colcon_core.package_identification:_identify(build) ignored
[0.161s] Level 1:colcon.colcon_core.package_identification:_identify(install) by extensions ['ignore', 'ignore_ament_install']
[0.161s] Level 1:colcon.colcon_core.package_identification:_identify(install) by extension 'ignore'
[0.161s] Level 1:colcon.colcon_core.package_identification:_identify(install) ignored
[0.161s] Level 1:colcon.colcon_core.package_identification:_identify(log) by extensions ['ignore', 'ignore_ament_install']
[0.161s] Level 1:colcon.colcon_core.package_identification:_identify(log) by extension 'ignore'
[0.161s] Level 1:colcon.colcon_core.package_identification:_identify(log) ignored
[0.161s] Level 1:colcon.colcon_core.package_identification:_identify(src) by extensions ['ignore', 'ignore_ament_install']
[0.161s] Level 1:colcon.colcon_core.package_identification:_identify(src) by extension 'ignore'
[0.161s] Level 1:colcon.colcon_core.package_identification:_identify(src) by extension 'ignore_ament_install'
[0.161s] Level 1:colcon.colcon_core.package_identification:_identify(src) by extensions ['colcon_pkg']
[0.161s] Level 1:colcon.colcon_core.package_identification:_identify(src) by extension 'colcon_pkg'
[0.161s] Level 1:colcon.colcon_core.package_identification:_identify(src) by extensions ['colcon_meta']
[0.161s] Level 1:colcon.colcon_core.package_identification:_identify(src) by extension 'colcon_meta'
[0.161s] Level 1:colcon.colcon_core.package_identification:_identify(src) by extensions ['ros']
[0.161s] Level 1:colcon.colcon_core.package_identification:_identify(src) by extension 'ros'
[0.161s] Level 1:colcon.colcon_core.package_identification:_identify(src) by extensions ['cmake', 'python']
[0.161s] Level 1:colcon.colcon_core.package_identification:_identify(src) by extension 'cmake'
[0.161s] Level 1:colcon.colcon_core.package_identification:_identify(src) by extension 'python'
[0.161s] Level 1:colcon.colcon_core.package_identification:_identify(src) by extensions ['python_setup_py']
[0.161s] Level 1:colcon.colcon_core.package_identification:_identify(src) by extension 'python_setup_py'
[0.161s] Level 1:colcon.colcon_core.package_identification:_identify(src/librealsense2) by extensions ['ignore', 'ignore_ament_install']
[0.161s] Level 1:colcon.colcon_core.package_identification:_identify(src/librealsense2) by extension 'ignore'
[0.161s] Level 1:colcon.colcon_core.package_identification:_identify(src/librealsense2) by extension 'ignore_ament_install'
[0.161s] Level 1:colcon.colcon_core.package_identification:_identify(src/librealsense2) by extensions ['colcon_pkg']
[0.161s] Level 1:colcon.colcon_core.package_identification:_identify(src/librealsense2) by extension 'colcon_pkg'
[0.161s] Level 1:colcon.colcon_core.package_identification:_identify(src/librealsense2) by extensions ['colcon_meta']
[0.161s] Level 1:colcon.colcon_core.package_identification:_identify(src/librealsense2) by extension 'colcon_meta'
[0.161s] Level 1:colcon.colcon_core.package_identification:_identify(src/librealsense2) by extensions ['ros']
[0.161s] Level 1:colcon.colcon_core.package_identification:_identify(src/librealsense2) by extension 'ros'
[0.161s] Level 1:colcon.colcon_core.package_identification:_identify(src/librealsense2) by extensions ['cmake', 'python']
[0.161s] Level 1:colcon.colcon_core.package_identification:_identify(src/librealsense2) by extension 'cmake'
[0.161s] Level 1:colcon.colcon_core.package_identification:_identify(src/librealsense2) by extension 'python'
[0.161s] Level 1:colcon.colcon_core.package_identification:_identify(src/librealsense2) by extensions ['python_setup_py']
[0.161s] Level 1:colcon.colcon_core.package_identification:_identify(src/librealsense2) by extension 'python_setup_py'
[0.161s] Level 1:colcon.colcon_core.package_identification:_identify(src/librealsense2/librealsense-2.53.1) by extensions ['ignore', 'ignore_ament_install']
[0.161s] Level 1:colcon.colcon_core.package_identification:_identify(src/librealsense2/librealsense-2.53.1) by extension 'ignore'
[0.161s] Level 1:colcon.colcon_core.package_identification:_identify(src/librealsense2/librealsense-2.53.1) by extension 'ignore_ament_install'
[0.161s] Level 1:colcon.colcon_core.package_identification:_identify(src/librealsense2/librealsense-2.53.1) by extensions ['colcon_pkg']
[0.161s] Level 1:colcon.colcon_core.package_identification:_identify(src/librealsense2/librealsense-2.53.1) by extension 'colcon_pkg'
[0.161s] Level 1:colcon.colcon_core.package_identification:_identify(src/librealsense2/librealsense-2.53.1) by extensions ['colcon_meta']
[0.161s] Level 1:colcon.colcon_core.package_identification:_identify(src/librealsense2/librealsense-2.53.1) by extension 'colcon_meta'
[0.161s] Level 1:colcon.colcon_core.package_identification:_identify(src/librealsense2/librealsense-2.53.1) by extensions ['ros']
[0.161s] Level 1:colcon.colcon_core.package_identification:_identify(src/librealsense2/librealsense-2.53.1) by extension 'ros'
[0.161s] Level 1:colcon.colcon_core.package_identification:_identify(src/librealsense2/librealsense-2.53.1) by extensions ['cmake', 'python']
[0.161s] Level 1:colcon.colcon_core.package_identification:_identify(src/librealsense2/librealsense-2.53.1) by extension 'cmake'
[0.161s] Level 1:colcon.colcon_core.package_identification:_identify(src/librealsense2/librealsense-2.53.1) by extension 'python'
[0.161s] Level 1:colcon.colcon_core.package_identification:_identify(src/librealsense2/librealsense-2.53.1) by extensions ['python_setup_py']
[0.161s] Level 1:colcon.colcon_core.package_identification:_identify(src/librealsense2/librealsense-2.53.1) by extension 'python_setup_py'
[0.162s] Level 1:colcon.colcon_core.package_identification:_identify(src/librealsense2/librealsense-2.53.1/unit-tests) by extensions ['ignore', 'ignore_ament_install']
[0.162s] Level 1:colcon.colcon_core.package_identification:_identify(src/librealsense2/librealsense-2.53.1/unit-tests) by extension 'ignore'
[0.162s] Level 1:colcon.colcon_core.package_identification:_identify(src/librealsense2/librealsense-2.53.1/unit-tests) by extension 'ignore_ament_install'
[0.162s] Level 1:colcon.colcon_core.package_identification:_identify(src/librealsense2/librealsense-2.53.1/unit-tests) by extensions ['colcon_pkg']
[0.162s] Level 1:colcon.colcon_core.package_identification:_identify(src/librealsense2/librealsense-2.53.1/unit-tests) by extension 'colcon_pkg'
[0.162s] Level 1:colcon.colcon_core.package_identification:_identify(src/librealsense2/librealsense-2.53.1/unit-tests) by extensions ['colcon_meta']
[0.162s] Level 1:colcon.colcon_core.package_identification:_identify(src/librealsense2/librealsense-2.53.1/unit-tests) by extension 'colcon_meta'
[0.162s] Level 1:colcon.colcon_core.package_identification:_identify(src/librealsense2/librealsense-2.53.1/unit-tests) by extensions ['ros']
[0.162s] Level 1:colcon.colcon_core.package_identification:_identify(src/librealsense2/librealsense-2.53.1/unit-tests) by extension 'ros'
[0.162s] Level 1:colcon.colcon_core.package_identification:_identify(src/librealsense2/librealsense-2.53.1/unit-tests) by extensions ['cmake', 'python']
[0.162s] Level 1:colcon.colcon_core.package_identification:_identify(src/librealsense2/librealsense-2.53.1/unit-tests) by extension 'cmake'
[0.162s] Level 1:colcon.colcon_core.package_identification:_identify(src/librealsense2/librealsense-2.53.1/unit-tests) by extension 'python'
[0.162s] Level 1:colcon.colcon_core.package_identification:_identify(src/librealsense2/librealsense-2.53.1/unit-tests) by extensions ['python_setup_py']
[0.162s] Level 1:colcon.colcon_core.package_identification:_identify(src/librealsense2/librealsense-2.53.1/unit-tests) by extension 'python_setup_py'
[0.162s] Level 1:colcon.colcon_core.package_identification:_identify(src/librealsense2/librealsense-2.53.1/unit-tests/live) by extensions ['ignore', 'ignore_ament_install']
[0.162s] Level 1:colcon.colcon_core.package_identification:_identify(src/librealsense2/librealsense-2.53.1/unit-tests/live) by extension 'ignore'
[0.162s] Level 1:colcon.colcon_core.package_identification:_identify(src/librealsense2/librealsense-2.53.1/unit-tests/live) by extension 'ignore_ament_install'
[0.162s] Level 1:colcon.colcon_core.package_identification:_identify(src/librealsense2/librealsense-2.53.1/unit-tests/live) by extensions ['colcon_pkg']
[0.162s] Level 1:colcon.colcon_core.package_identification:_identify(src/librealsense2/librealsense-2.53.1/unit-tests/live) by extension 'colcon_pkg'
[0.162s] Level 1:colcon.colcon_core.package_identification:_identify(src/librealsense2/librealsense-2.53.1/unit-tests/live) by extensions ['colcon_meta']
[0.162s] Level 1:colcon.colcon_core.package_identification:_identify(src/librealsense2/librealsense-2.53.1/unit-tests/live) by extension 'colcon_meta'
[0.162s] Level 1:colcon.colcon_core.package_identification:_identify(src/librealsense2/librealsense-2.53.1/unit-tests/live) by extensions ['ros']
[0.162s] Level 1:colcon.colcon_core.package_identification:_identify(src/librealsense2/librealsense-2.53.1/unit-tests/live) by extension 'ros'
[0.162s] Level 1:colcon.colcon_core.package_identification:_identify(src/librealsense2/librealsense-2.53.1/unit-tests/live) by extensions ['cmake', 'python']
[0.162s] Level 1:colcon.colcon_core.package_identification:_identify(src/librealsense2/librealsense-2.53.1/unit-tests/live) by extension 'cmake'
[0.162s] Level 1:colcon.colcon_core.package_identification:_identify(src/librealsense2/librealsense-2.53.1/unit-tests/live) by extension 'python'
[0.162s] Level 1:colcon.colcon_core.package_identification:_identify(src/librealsense2/librealsense-2.53.1/unit-tests/live) by extensions ['python_setup_py']
[0.162s] Level 1:colcon.colcon_core.package_identification:_identify(src/librealsense2/librealsense-2.53.1/unit-tests/live) by extension 'python_setup_py'
[0.162s] Level 1:colcon.colcon_core.package_identification:_identify(src/librealsense2/librealsense-2.53.1/unit-tests/live/debug_protocol) by extensions ['ignore', 'ignore_ament_install']
[0.162s] Level 1:colcon.colcon_core.package_identification:_identify(src/librealsense2/librealsense-2.53.1/unit-tests/live/debug_protocol) by extension 'ignore'
[0.162s] Level 1:colcon.colcon_core.package_identification:_identify(src/librealsense2/librealsense-2.53.1/unit-tests/live/debug_protocol) by extension 'ignore_ament_install'
[0.162s] Level 1:colcon.colcon_core.package_identification:_identify(src/librealsense2/librealsense-2.53.1/unit-tests/live/debug_protocol) by extensions ['colcon_pkg']
[0.162s] Level 1:colcon.colcon_core.package_identification:_identify(src/librealsense2/librealsense-2.53.1/unit-tests/live/debug_protocol) by extension 'colcon_pkg'
[0.162s] Level 1:colcon.colcon_core.package_identification:_identify(src/librealsense2/librealsense-2.53.1/unit-tests/live/debug_protocol) by extensions ['colcon_meta']
[0.162s] Level 1:colcon.colcon_core.package_identification:_identify(src/librealsense2/librealsense-2.53.1/unit-tests/live/debug_protocol) by extension 'colcon_meta'
[0.162s] Level 1:colcon.colcon_core.package_identification:_identify(src/librealsense2/librealsense-2.53.1/unit-tests/live/debug_protocol) by extensions ['ros']
[0.162s] Level 1:colcon.colcon_core.package_identification:_identify(src/librealsense2/librealsense-2.53.1/unit-tests/live/debug_protocol) by extension 'ros'
[0.162s] Level 1:colcon.colcon_core.package_identification:_identify(src/librealsense2/librealsense-2.53.1/unit-tests/live/debug_protocol) by extensions ['cmake', 'python']
[0.162s] Level 1:colcon.colcon_core.package_identification:_identify(src/librealsense2/librealsense-2.53.1/unit-tests/live/debug_protocol) by extension 'cmake'
[0.162s] Level 1:colcon.colcon_core.package_identification:_identify(src/librealsense2/librealsense-2.53.1/unit-tests/live/debug_protocol) by extension 'python'
[0.162s] Level 1:colcon.colcon_core.package_identification:_identify(src/librealsense2/librealsense-2.53.1/unit-tests/live/debug_protocol) by extensions ['python_setup_py']
[0.162s] Level 1:colcon.colcon_core.package_identification:_identify(src/librealsense2/librealsense-2.53.1/unit-tests/live/debug_protocol) by extension 'python_setup_py'
[0.162s] Level 1:colcon.colcon_core.package_identification:_identify(src/librealsense2/librealsense-2.53.1/unit-tests/resources) by extensions ['ignore', 'ignore_ament_install']
[0.162s] Level 1:colcon.colcon_core.package_identification:_identify(src/librealsense2/librealsense-2.53.1/unit-tests/resources) by extension 'ignore'
[0.162s] Level 1:colcon.colcon_core.package_identification:_identify(src/librealsense2/librealsense-2.53.1/unit-tests/resources) by extension 'ignore_ament_install'
[0.162s] Level 1:colcon.colcon_core.package_identification:_identify(src/librealsense2/librealsense-2.53.1/unit-tests/resources) by extensions ['colcon_pkg']
[0.162s] Level 1:colcon.colcon_core.package_identification:_identify(src/librealsense2/librealsense-2.53.1/unit-tests/resources) by extension 'colcon_pkg'
[0.162s] Level 1:colcon.colcon_core.package_identification:_identify(src/librealsense2/librealsense-2.53.1/unit-tests/resources) by extensions ['colcon_meta']
[0.162s] Level 1:colcon.colcon_core.package_identification:_identify(src/librealsense2/librealsense-2.53.1/unit-tests/resources) by extension 'colcon_meta'
[0.162s] Level 1:colcon.colcon_core.package_identification:_identify(src/librealsense2/librealsense-2.53.1/unit-tests/resources) by extensions ['ros']
[0.162s] Level 1:colcon.colcon_core.package_identification:_identify(src/librealsense2/librealsense-2.53.1/unit-tests/resources) by extension 'ros'
[0.163s] Level 1:colcon.colcon_core.package_identification:_identify(src/librealsense2/librealsense-2.53.1/unit-tests/resources) by extensions ['cmake', 'python']
[0.163s] Level 1:colcon.colcon_core.package_identification:_identify(src/librealsense2/librealsense-2.53.1/unit-tests/resources) by extension 'cmake'
[0.163s] Level 1:colcon.colcon_core.package_identification:_identify(src/librealsense2/librealsense-2.53.1/unit-tests/resources) by extension 'python'
[0.163s] Level 1:colcon.colcon_core.package_identification:_identify(src/librealsense2/librealsense-2.53.1/unit-tests/resources) by extensions ['python_setup_py']
[0.163s] Level 1:colcon.colcon_core.package_identification:_identify(src/librealsense2/librealsense-2.53.1/unit-tests/resources) by extension 'python_setup_py'
[0.163s] Level 1:colcon.colcon_core.package_identification:_identify(src/librealsense2/librealsense-2.53.1/wrappers) by extensions ['ignore', 'ignore_ament_install']
[0.163s] Level 1:colcon.colcon_core.package_identification:_identify(src/librealsense2/librealsense-2.53.1/wrappers) by extension 'ignore'
[0.163s] Level 1:colcon.colcon_core.package_identification:_identify(src/librealsense2/librealsense-2.53.1/wrappers) by extension 'ignore_ament_install'
[0.163s] Level 1:colcon.colcon_core.package_identification:_identify(src/librealsense2/librealsense-2.53.1/wrappers) by extensions ['colcon_pkg']
[0.163s] Level 1:colcon.colcon_core.package_identification:_identify(src/librealsense2/librealsense-2.53.1/wrappers) by extension 'colcon_pkg'
[0.163s] Level 1:colcon.colcon_core.package_identification:_identify(src/librealsense2/librealsense-2.53.1/wrappers) by extensions ['colcon_meta']
[0.163s] Level 1:colcon.colcon_core.package_identification:_identify(src/librealsense2/librealsense-2.53.1/wrappers) by extension 'colcon_meta'
[0.163s] Level 1:colcon.colcon_core.package_identification:_identify(src/librealsense2/librealsense-2.53.1/wrappers) by extensions ['ros']
[0.163s] Level 1:colcon.colcon_core.package_identification:_identify(src/librealsense2/librealsense-2.53.1/wrappers) by extension 'ros'
[0.163s] Level 1:colcon.colcon_core.package_identification:_identify(src/librealsense2/librealsense-2.53.1/wrappers) by extensions ['cmake', 'python']
[0.163s] Level 1:colcon.colcon_core.package_identification:_identify(src/librealsense2/librealsense-2.53.1/wrappers) by extension 'cmake'
[0.163s] Level 1:colcon.colcon_core.package_identification:_identify(src/librealsense2/librealsense-2.53.1/wrappers) by extension 'python'
[0.163s] Level 1:colcon.colcon_core.package_identification:_identify(src/librealsense2/librealsense-2.53.1/wrappers) by extensions ['python_setup_py']
[0.163s] Level 1:colcon.colcon_core.package_identification:_identify(src/librealsense2/librealsense-2.53.1/wrappers) by extension 'python_setup_py'
[0.163s] Level 1:colcon.colcon_core.package_identification:_identify(src/librealsense2/librealsense-2.53.1/wrappers/android) by extensions ['ignore', 'ignore_ament_install']
[0.163s] Level 1:colcon.colcon_core.package_identification:_identify(src/librealsense2/librealsense-2.53.1/wrappers/android) by extension 'ignore'
[0.163s] Level 1:colcon.colcon_core.package_identification:_identify(src/librealsense2/librealsense-2.53.1/wrappers/android) by extension 'ignore_ament_install'
[0.163s] Level 1:colcon.colcon_core.package_identification:_identify(src/librealsense2/librealsense-2.53.1/wrappers/android) by extensions ['colcon_pkg']
[0.163s] Level 1:colcon.colcon_core.package_identification:_identify(src/librealsense2/librealsense-2.53.1/wrappers/android) by extension 'colcon_pkg'
[0.163s] Level 1:colcon.colcon_core.package_identification:_identify(src/librealsense2/librealsense-2.53.1/wrappers/android) by extensions ['colcon_meta']
[0.163s] Level 1:colcon.colcon_core.package_identification:_identify(src/librealsense2/librealsense-2.53.1/wrappers/android) by extension 'colcon_meta'
[0.163s] Level 1:colcon.colcon_core.package_identification:_identify(src/librealsense2/librealsense-2.53.1/wrappers/android) by extensions ['ros']
[0.163s] Level 1:colcon.colcon_core.package_identification:_identify(src/librealsense2/librealsense-2.53.1/wrappers/android) by extension 'ros'
[0.163s] Level 1:colcon.colcon_core.package_identification:_identify(src/librealsense2/librealsense-2.53.1/wrappers/android) by extensions ['cmake', 'python']
[0.163s] Level 1:colcon.colcon_core.package_identification:_identify(src/librealsense2/librealsense-2.53.1/wrappers/android) by extension 'cmake'
[0.163s] Level 1:colcon.colcon_core.package_identification:_identify(src/librealsense2/librealsense-2.53.1/wrappers/android) by extension 'python'
[0.163s] Level 1:colcon.colcon_core.package_identification:_identify(src/librealsense2/librealsense-2.53.1/wrappers/android) by extensions ['python_setup_py']
[0.163s] Level 1:colcon.colcon_core.package_identification:_identify(src/librealsense2/librealsense-2.53.1/wrappers/android) by extension 'python_setup_py'
[0.163s] Level 1:colcon.colcon_core.package_identification:_identify(src/librealsense2/librealsense-2.53.1/wrappers/android/examples) by extensions ['ignore', 'ignore_ament_install']
[0.163s] Level 1:colcon.colcon_core.package_identification:_identify(src/librealsense2/librealsense-2.53.1/wrappers/android/examples) by extension 'ignore'
[0.163s] Level 1:colcon.colcon_core.package_identification:_identify(src/librealsense2/librealsense-2.53.1/wrappers/android/examples) by extension 'ignore_ament_install'
[0.163s] Level 1:colcon.colcon_core.package_identification:_identify(src/librealsense2/librealsense-2.53.1/wrappers/android/examples) by extensions ['colcon_pkg']
[0.163s] Level 1:colcon.colcon_core.package_identification:_identify(src/librealsense2/librealsense-2.53.1/wrappers/android/examples) by extension 'colcon_pkg'
[0.163s] Level 1:colcon.colcon_core.package_identification:_identify(src/librealsense2/librealsense-2.53.1/wrappers/android/examples) by extensions ['colcon_meta']
[0.163s] Level 1:colcon.colcon_core.package_identification:_identify(src/librealsense2/librealsense-2.53.1/wrappers/android/examples) by extension 'colcon_meta'
[0.163s] Level 1:colcon.colcon_core.package_identification:_identify(src/librealsense2/librealsense-2.53.1/wrappers/android/examples) by extensions ['ros']
[0.163s] Level 1:colcon.colcon_core.package_identification:_identify(src/librealsense2/librealsense-2.53.1/wrappers/android/examples) by extension 'ros'
[0.163s] Level 1:colcon.colcon_core.package_identification:_identify(src/librealsense2/librealsense-2.53.1/wrappers/android/examples) by extensions ['cmake', 'python']
[0.163s] Level 1:colcon.colcon_core.package_identification:_identify(src/librealsense2/librealsense-2.53.1/wrappers/android/examples) by extension 'cmake'
[0.163s] Level 1:colcon.colcon_core.package_identification:_identify(src/librealsense2/librealsense-2.53.1/wrappers/android/examples) by extension 'python'
[0.163s] Level 1:colcon.colcon_core.package_identification:_identify(src/librealsense2/librealsense-2.53.1/wrappers/android/examples) by extensions ['python_setup_py']
[0.163s] Level 1:colcon.colcon_core.package_identification:_identify(src/librealsense2/librealsense-2.53.1/wrappers/android/examples) by extension 'python_setup_py'
[0.163s] Level 1:colcon.colcon_core.package_identification:_identify(src/librealsense2/librealsense-2.53.1/wrappers/android/examples/java_example) by extensions ['ignore', 'ignore_ament_install']
[0.163s] Level 1:colcon.colcon_core.package_identification:_identify(src/librealsense2/librealsense-2.53.1/wrappers/android/examples/java_example) by extension 'ignore'
[0.163s] Level 1:colcon.colcon_core.package_identification:_identify(src/librealsense2/librealsense-2.53.1/wrappers/android/examples/java_example) by extension 'ignore_ament_install'
[0.163s] Level 1:colcon.colcon_core.package_identification:_identify(src/librealsense2/librealsense-2.53.1/wrappers/android/examples/java_example) by extensions ['colcon_pkg']
[0.163s] Level 1:colcon.colcon_core.package_identification:_identify(src/librealsense2/librealsense-2.53.1/wrappers/android/examples/java_example) by extension 'colcon_pkg'
[0.163s] Level 1:colcon.colcon_core.package_identification:_identify(src/librealsense2/librealsense-2.53.1/wrappers/android/examples/java_example) by extensions ['colcon_meta']
[0.163s] Level 1:colcon.colcon_core.package_identification:_identify(src/librealsense2/librealsense-2.53.1/wrappers/android/examples/java_example) by extension 'colcon_meta'
[0.163s] Level 1:colcon.colcon_core.package_identification:_identify(src/librealsense2/librealsense-2.53.1/wrappers/android/examples/java_example) by extensions ['ros']
[0.163s] Level 1:colcon.colcon_core.package_identification:_identify(src/librealsense2/librealsense-2.53.1/wrappers/android/examples/java_example) by extension 'ros'
[0.163s] Level 1:colcon.colcon_core.package_identification:_identify(src/librealsense2/librealsense-2.53.1/wrappers/android/examples/java_example) by extensions ['cmake', 'python']
[0.164s] Level 1:colcon.colcon_core.package_identification:_identify(src/librealsense2/librealsense-2.53.1/wrappers/android/examples/java_example) by extension 'cmake'
[0.164s] Level 1:colcon.colcon_core.package_identification:_identify(src/librealsense2/librealsense-2.53.1/wrappers/android/examples/java_example) by extension 'python'
[0.164s] Level 1:colcon.colcon_core.package_identification:_identify(src/librealsense2/librealsense-2.53.1/wrappers/android/examples/java_example) by extensions ['python_setup_py']
[0.164s] Level 1:colcon.colcon_core.package_identification:_identify(src/librealsense2/librealsense-2.53.1/wrappers/android/examples/java_example) by extension 'python_setup_py'
[0.164s] Level 1:colcon.colcon_core.package_identification:_identify(src/librealsense2/librealsense-2.53.1/wrappers/android/examples/java_example/gradle) by extensions ['ignore', 'ignore_ament_install']
[0.164s] Level 1:colcon.colcon_core.package_identification:_identify(src/librealsense2/librealsense-2.53.1/wrappers/android/examples/java_example/gradle) by extension 'ignore'
[0.164s] Level 1:colcon.colcon_core.package_identification:_identify(src/librealsense2/librealsense-2.53.1/wrappers/android/examples/java_example/gradle) by extension 'ignore_ament_install'
[0.164s] Level 1:colcon.colcon_core.package_identification:_identify(src/librealsense2/librealsense-2.53.1/wrappers/android/examples/java_example/gradle) by extensions ['colcon_pkg']
[0.164s] Level 1:colcon.colcon_core.package_identification:_identify(src/librealsense2/librealsense-2.53.1/wrappers/android/examples/java_example/gradle) by extension 'colcon_pkg'
[0.164s] Level 1:colcon.colcon_core.package_identification:_identify(src/librealsense2/librealsense-2.53.1/wrappers/android/examples/java_example/gradle) by extensions ['colcon_meta']
[0.164s] Level 1:colcon.colcon_core.package_identification:_identify(src/librealsense2/librealsense-2.53.1/wrappers/android/examples/java_example/gradle) by extension 'colcon_meta'
[0.164s] Level 1:colcon.colcon_core.package_identification:_identify(src/librealsense2/librealsense-2.53.1/wrappers/android/examples/java_example/gradle) by extensions ['ros']
[0.164s] Level 1:colcon.colcon_core.package_identification:_identify(src/librealsense2/librealsense-2.53.1/wrappers/android/examples/java_example/gradle) by extension 'ros'
[0.164s] Level 1:colcon.colcon_core.package_identification:_identify(src/librealsense2/librealsense-2.53.1/wrappers/android/examples/java_example/gradle) by extensions ['cmake', 'python']
[0.164s] Level 1:colcon.colcon_core.package_identification:_identify(src/librealsense2/librealsense-2.53.1/wrappers/android/examples/java_example/gradle) by extension 'cmake'
[0.164s] Level 1:colcon.colcon_core.package_identification:_identify(src/librealsense2/librealsense-2.53.1/wrappers/android/examples/java_example/gradle) by extension 'python'
[0.164s] Level 1:colcon.colcon_core.package_identification:_identify(src/librealsense2/librealsense-2.53.1/wrappers/android/examples/java_example/gradle) by extensions ['python_setup_py']
[0.164s] Level 1:colcon.colcon_core.package_identification:_identify(src/librealsense2/librealsense-2.53.1/wrappers/android/examples/java_example/gradle) by extension 'python_setup_py'
[0.164s] Level 1:colcon.colcon_core.package_identification:_identify(src/librealsense2/librealsense-2.53.1/wrappers/android/examples/java_example/gradle/wrapper) by extensions ['ignore', 'ignore_ament_install']
[0.164s] Level 1:colcon.colcon_core.package_identification:_identify(src/librealsense2/librealsense-2.53.1/wrappers/android/examples/java_example/gradle/wrapper) by extension 'ignore'
[0.164s] Level 1:colcon.colcon_core.package_identification:_identify(src/librealsense2/librealsense-2.53.1/wrappers/android/examples/java_example/gradle/wrapper) by extension 'ignore_ament_install'
[0.164s] Level 1:colcon.colcon_core.package_identification:_identify(src/librealsense2/librealsense-2.53.1/wrappers/android/examples/java_example/gradle/wrapper) by extensions ['colcon_pkg']
[0.164s] Level 1:colcon.colcon_core.package_identification:_identify(src/librealsense2/librealsense-2.53.1/wrappers/android/examples/java_example/gradle/wrapper) by extension 'colcon_pkg'
[0.164s] Level 1:colcon.colcon_core.package_identification:_identify(src/librealsense2/librealsense-2.53.1/wrappers/android/examples/java_example/gradle/wrapper) by extensions ['colcon_meta']
[0.164s] Level 1:colcon.colcon_core.package_identification:_identify(src/librealsense2/librealsense-2.53.1/wrappers/android/examples/java_example/gradle/wrapper) by extension 'colcon_meta'
[0.164s] Level 1:colcon.colcon_core.package_identification:_identify(src/librealsense2/librealsense-2.53.1/wrappers/android/examples/java_example/gradle/wrapper) by extensions ['ros']
[0.164s] Level 1:colcon.colcon_core.package_identification:_identify(src/librealsense2/librealsense-2.53.1/wrappers/android/examples/java_example/gradle/wrapper) by extension 'ros'
[0.164s] Level 1:colcon.colcon_core.package_identification:_identify(src/librealsense2/librealsense-2.53.1/wrappers/android/examples/java_example/gradle/wrapper) by extensions ['cmake', 'python']
[0.164s] Level 1:colcon.colcon_core.package_identification:_identify(src/librealsense2/librealsense-2.53.1/wrappers/android/examples/java_example/gradle/wrapper) by extension 'cmake'
[0.164s] Level 1:colcon.colcon_core.package_identification:_identify(src/librealsense2/librealsense-2.53.1/wrappers/android/examples/java_example/gradle/wrapper) by extension 'python'
[0.164s] Level 1:colcon.colcon_core.package_identification:_identify(src/librealsense2/librealsense-2.53.1/wrappers/android/examples/java_example/gradle/wrapper) by extensions ['python_setup_py']
[0.164s] Level 1:colcon.colcon_core.package_identification:_identify(src/librealsense2/librealsense-2.53.1/wrappers/android/examples/java_example/gradle/wrapper) by extension 'python_setup_py'
[0.164s] Level 1:colcon.colcon_core.package_identification:_identify(src/librealsense2/librealsense-2.53.1/wrappers/csharp) by extensions ['ignore', 'ignore_ament_install']
[0.165s] Level 1:colcon.colcon_core.package_identification:_identify(src/librealsense2/librealsense-2.53.1/wrappers/csharp) by extension 'ignore'
[0.165s] Level 1:colcon.colcon_core.package_identification:_identify(src/librealsense2/librealsense-2.53.1/wrappers/csharp) by extension 'ignore_ament_install'
[0.165s] Level 1:colcon.colcon_core.package_identification:_identify(src/librealsense2/librealsense-2.53.1/wrappers/csharp) by extensions ['colcon_pkg']
[0.165s] Level 1:colcon.colcon_core.package_identification:_identify(src/librealsense2/librealsense-2.53.1/wrappers/csharp) by extension 'colcon_pkg'
[0.165s] Level 1:colcon.colcon_core.package_identification:_identify(src/librealsense2/librealsense-2.53.1/wrappers/csharp) by extensions ['colcon_meta']
[0.165s] Level 1:colcon.colcon_core.package_identification:_identify(src/librealsense2/librealsense-2.53.1/wrappers/csharp) by extension 'colcon_meta'
[0.165s] Level 1:colcon.colcon_core.package_identification:_identify(src/librealsense2/librealsense-2.53.1/wrappers/csharp) by extensions ['ros']
[0.165s] Level 1:colcon.colcon_core.package_identification:_identify(src/librealsense2/librealsense-2.53.1/wrappers/csharp) by extension 'ros'
[0.165s] Level 1:colcon.colcon_core.package_identification:_identify(src/librealsense2/librealsense-2.53.1/wrappers/csharp) by extensions ['cmake', 'python']
[0.165s] Level 1:colcon.colcon_core.package_identification:_identify(src/librealsense2/librealsense-2.53.1/wrappers/csharp) by extension 'cmake'
[0.165s] Level 1:colcon.colcon_core.package_identification:_identify(src/librealsense2/librealsense-2.53.1/wrappers/csharp) by extension 'python'
[0.165s] Level 1:colcon.colcon_core.package_identification:_identify(src/librealsense2/librealsense-2.53.1/wrappers/csharp) by extensions ['python_setup_py']
[0.165s] Level 1:colcon.colcon_core.package_identification:_identify(src/librealsense2/librealsense-2.53.1/wrappers/csharp) by extension 'python_setup_py'
[0.165s] Level 1:colcon.colcon_core.package_identification:_identify(src/librealsense2/librealsense-2.53.1/wrappers/csharp/Intel.RealSense) by extensions ['ignore', 'ignore_ament_install']
[0.165s] Level 1:colcon.colcon_core.package_identification:_identify(src/librealsense2/librealsense-2.53.1/wrappers/csharp/Intel.RealSense) by extension 'ignore'
[0.165s] Level 1:colcon.colcon_core.package_identification:_identify(src/librealsense2/librealsense-2.53.1/wrappers/csharp/Intel.RealSense) by extension 'ignore_ament_install'
[0.165s] Level 1:colcon.colcon_core.package_identification:_identify(src/librealsense2/librealsense-2.53.1/wrappers/csharp/Intel.RealSense) by extensions ['colcon_pkg']
[0.165s] Level 1:colcon.colcon_core.package_identification:_identify(src/librealsense2/librealsense-2.53.1/wrappers/csharp/Intel.RealSense) by extension 'colcon_pkg'
[0.165s] Level 1:colcon.colcon_core.package_identification:_identify(src/librealsense2/librealsense-2.53.1/wrappers/csharp/Intel.RealSense) by extensions ['colcon_meta']
[0.165s] Level 1:colcon.colcon_core.package_identification:_identify(src/librealsense2/librealsense-2.53.1/wrappers/csharp/Intel.RealSense) by extension 'colcon_meta'
[0.165s] Level 1:colcon.colcon_core.package_identification:_identify(src/librealsense2/librealsense-2.53.1/wrappers/csharp/Intel.RealSense) by extensions ['ros']
[0.165s] Level 1:colcon.colcon_core.package_identification:_identify(src/librealsense2/librealsense-2.53.1/wrappers/csharp/Intel.RealSense) by extension 'ros'
[0.165s] Level 1:colcon.colcon_core.package_identification:_identify(src/librealsense2/librealsense-2.53.1/wrappers/csharp/Intel.RealSense) by extensions ['cmake', 'python']
[0.165s] Level 1:colcon.colcon_core.package_identification:_identify(src/librealsense2/librealsense-2.53.1/wrappers/csharp/Intel.RealSense) by extension 'cmake'
[0.165s] Level 1:colcon.colcon_core.package_identification:_identify(src/librealsense2/librealsense-2.53.1/wrappers/csharp/Intel.RealSense) by extension 'python'
[0.165s] Level 1:colcon.colcon_core.package_identification:_identify(src/librealsense2/librealsense-2.53.1/wrappers/csharp/Intel.RealSense) by extensions ['python_setup_py']
[0.165s] Level 1:colcon.colcon_core.package_identification:_identify(src/librealsense2/librealsense-2.53.1/wrappers/csharp/Intel.RealSense) by extension 'python_setup_py'
[0.165s] Level 1:colcon.colcon_core.package_identification:_identify(src/librealsense2/librealsense-2.53.1/wrappers/csharp/tutorial) by extensions ['ignore', 'ignore_ament_install']
[0.165s] Level 1:colcon.colcon_core.package_identification:_identify(src/librealsense2/librealsense-2.53.1/wrappers/csharp/tutorial) by extension 'ignore'
[0.165s] Level 1:colcon.colcon_core.package_identification:_identify(src/librealsense2/librealsense-2.53.1/wrappers/csharp/tutorial) by extension 'ignore_ament_install'
[0.165s] Level 1:colcon.colcon_core.package_identification:_identify(src/librealsense2/librealsense-2.53.1/wrappers/csharp/tutorial) by extensions ['colcon_pkg']
[0.165s] Level 1:colcon.colcon_core.package_identification:_identify(src/librealsense2/librealsense-2.53.1/wrappers/csharp/tutorial) by extension 'colcon_pkg'
[0.165s] Level 1:colcon.colcon_core.package_identification:_identify(src/librealsense2/librealsense-2.53.1/wrappers/csharp/tutorial) by extensions ['colcon_meta']
[0.165s] Level 1:colcon.colcon_core.package_identification:_identify(src/librealsense2/librealsense-2.53.1/wrappers/csharp/tutorial) by extension 'colcon_meta'
[0.165s] Level 1:colcon.colcon_core.package_identification:_identify(src/librealsense2/librealsense-2.53.1/wrappers/csharp/tutorial) by extensions ['ros']
[0.165s] Level 1:colcon.colcon_core.package_identification:_identify(src/librealsense2/librealsense-2.53.1/wrappers/csharp/tutorial) by extension 'ros'
[0.166s] Level 1:colcon.colcon_core.package_identification:_identify(src/librealsense2/librealsense-2.53.1/wrappers/csharp/tutorial) by extensions ['cmake', 'python']
[0.166s] Level 1:colcon.colcon_core.package_identification:_identify(src/librealsense2/librealsense-2.53.1/wrappers/csharp/tutorial) by extension 'cmake'
[0.166s] Level 1:colcon.colcon_core.package_identification:_identify(src/librealsense2/librealsense-2.53.1/wrappers/csharp/tutorial) by extension 'python'
[0.166s] Level 1:colcon.colcon_core.package_identification:_identify(src/librealsense2/librealsense-2.53.1/wrappers/csharp/tutorial) by extensions ['python_setup_py']
[0.166s] Level 1:colcon.colcon_core.package_identification:_identify(src/librealsense2/librealsense-2.53.1/wrappers/csharp/tutorial) by extension 'python_setup_py'
[0.166s] Level 1:colcon.colcon_core.package_identification:_identify(src/librealsense2/librealsense-2.53.1/wrappers/csharp/tutorial/load-json) by extensions ['ignore', 'ignore_ament_install']
[0.166s] Level 1:colcon.colcon_core.package_identification:_identify(src/librealsense2/librealsense-2.53.1/wrappers/csharp/tutorial/load-json) by extension 'ignore'
[0.166s] Level 1:colcon.colcon_core.package_identification:_identify(src/librealsense2/librealsense-2.53.1/wrappers/csharp/tutorial/load-json) by extension 'ignore_ament_install'
[0.166s] Level 1:colcon.colcon_core.package_identification:_identify(src/librealsense2/librealsense-2.53.1/wrappers/csharp/tutorial/load-json) by extensions ['colcon_pkg']
[0.166s] Level 1:colcon.colcon_core.package_identification:_identify(src/librealsense2/librealsense-2.53.1/wrappers/csharp/tutorial/load-json) by extension 'colcon_pkg'
[0.166s] Level 1:colcon.colcon_core.package_identification:_identify(src/librealsense2/librealsense-2.53.1/wrappers/csharp/tutorial/load-json) by extensions ['colcon_meta']
[0.166s] Level 1:colcon.colcon_core.package_identification:_identify(src/librealsense2/librealsense-2.53.1/wrappers/csharp/tutorial/load-json) by extension 'colcon_meta'
[0.166s] Level 1:colcon.colcon_core.package_identification:_identify(src/librealsense2/librealsense-2.53.1/wrappers/csharp/tutorial/load-json) by extensions ['ros']
[0.166s] Level 1:colcon.colcon_core.package_identification:_identify(src/librealsense2/librealsense-2.53.1/wrappers/csharp/tutorial/load-json) by extension 'ros'
[0.166s] Level 1:colcon.colcon_core.package_identification:_identify(src/librealsense2/librealsense-2.53.1/wrappers/csharp/tutorial/load-json) by extensions ['cmake', 'python']
[0.166s] Level 1:colcon.colcon_core.package_identification:_identify(src/librealsense2/librealsense-2.53.1/wrappers/csharp/tutorial/load-json) by extension 'cmake'
[0.166s] Level 1:colcon.colcon_core.package_identification:_identify(src/librealsense2/librealsense-2.53.1/wrappers/csharp/tutorial/load-json) by extension 'python'
[0.166s] Level 1:colcon.colcon_core.package_identification:_identify(src/librealsense2/librealsense-2.53.1/wrappers/csharp/tutorial/load-json) by extensions ['python_setup_py']
[0.166s] Level 1:colcon.colcon_core.package_identification:_identify(src/librealsense2/librealsense-2.53.1/wrappers/csharp/tutorial/load-json) by extension 'python_setup_py'
[0.166s] Level 1:colcon.colcon_core.package_identification:_identify(src/librealsense2/librealsense-2.53.1/wrappers/csharp/tutorial/load-json/JsonConfigs) by extensions ['ignore', 'ignore_ament_install']
[0.166s] Level 1:colcon.colcon_core.package_identification:_identify(src/librealsense2/librealsense-2.53.1/wrappers/csharp/tutorial/load-json/JsonConfigs) by extension 'ignore'
[0.166s] Level 1:colcon.colcon_core.package_identification:_identify(src/librealsense2/librealsense-2.53.1/wrappers/csharp/tutorial/load-json/JsonConfigs) by extension 'ignore_ament_install'
[0.166s] Level 1:colcon.colcon_core.package_identification:_identify(src/librealsense2/librealsense-2.53.1/wrappers/csharp/tutorial/load-json/JsonConfigs) by extensions ['colcon_pkg']
[0.166s] Level 1:colcon.colcon_core.package_identification:_identify(src/librealsense2/librealsense-2.53.1/wrappers/csharp/tutorial/load-json/JsonConfigs) by extension 'colcon_pkg'
[0.166s] Level 1:colcon.colcon_core.package_identification:_identify(src/librealsense2/librealsense-2.53.1/wrappers/csharp/tutorial/load-json/JsonConfigs) by extensions ['colcon_meta']
[0.166s] Level 1:colcon.colcon_core.package_identification:_identify(src/librealsense2/librealsense-2.53.1/wrappers/csharp/tutorial/load-json/JsonConfigs) by extension 'colcon_meta'
[0.166s] Level 1:colcon.colcon_core.package_identification:_identify(src/librealsense2/librealsense-2.53.1/wrappers/csharp/tutorial/load-json/JsonConfigs) by extensions ['ros']
[0.166s] Level 1:colcon.colcon_core.package_identification:_identify(src/librealsense2/librealsense-2.53.1/wrappers/csharp/tutorial/load-json/JsonConfigs) by extension 'ros'
[0.166s] Level 1:colcon.colcon_core.package_identification:_identify(src/librealsense2/librealsense-2.53.1/wrappers/csharp/tutorial/load-json/JsonConfigs) by extensions ['cmake', 'python']
[0.166s] Level 1:colcon.colcon_core.package_identification:_identify(src/librealsense2/librealsense-2.53.1/wrappers/csharp/tutorial/load-json/JsonConfigs) by extension 'cmake'
[0.166s] Level 1:colcon.colcon_core.package_identification:_identify(src/librealsense2/librealsense-2.53.1/wrappers/csharp/tutorial/load-json/JsonConfigs) by extension 'python'
[0.166s] Level 1:colcon.colcon_core.package_identification:_identify(src/librealsense2/librealsense-2.53.1/wrappers/csharp/tutorial/load-json/JsonConfigs) by extensions ['python_setup_py']
[0.166s] Level 1:colcon.colcon_core.package_identification:_identify(src/librealsense2/librealsense-2.53.1/wrappers/csharp/tutorial/load-json/JsonConfigs) by extension 'python_setup_py'
[0.166s] Level 1:colcon.colcon_core.package_identification:_identify(src/librealsense2/librealsense-2.53.1/wrappers/matlab) by extensions ['ignore', 'ignore_ament_install']
[0.166s] Level 1:colcon.colcon_core.package_identification:_identify(src/librealsense2/librealsense-2.53.1/wrappers/matlab) by extension 'ignore'
[0.166s] Level 1:colcon.colcon_core.package_identification:_identify(src/librealsense2/librealsense-2.53.1/wrappers/matlab) by extension 'ignore_ament_install'
[0.167s] Level 1:colcon.colcon_core.package_identification:_identify(src/librealsense2/librealsense-2.53.1/wrappers/matlab) by extensions ['colcon_pkg']
[0.167s] Level 1:colcon.colcon_core.package_identification:_identify(src/librealsense2/librealsense-2.53.1/wrappers/matlab) by extension 'colcon_pkg'
[0.167s] Level 1:colcon.colcon_core.package_identification:_identify(src/librealsense2/librealsense-2.53.1/wrappers/matlab) by extensions ['colcon_meta']
[0.167s] Level 1:colcon.colcon_core.package_identification:_identify(src/librealsense2/librealsense-2.53.1/wrappers/matlab) by extension 'colcon_meta'
[0.167s] Level 1:colcon.colcon_core.package_identification:_identify(src/librealsense2/librealsense-2.53.1/wrappers/matlab) by extensions ['ros']
[0.167s] Level 1:colcon.colcon_core.package_identification:_identify(src/librealsense2/librealsense-2.53.1/wrappers/matlab) by extension 'ros'
[0.167s] Level 1:colcon.colcon_core.package_identification:_identify(src/librealsense2/librealsense-2.53.1/wrappers/matlab) by extensions ['cmake', 'python']
[0.167s] Level 1:colcon.colcon_core.package_identification:_identify(src/librealsense2/librealsense-2.53.1/wrappers/matlab) by extension 'cmake'
[0.167s] Level 1:colcon.colcon_core.package_identification:_identify(src/librealsense2/librealsense-2.53.1/wrappers/matlab) by extension 'python'
[0.167s] Level 1:colcon.colcon_core.package_identification:_identify(src/librealsense2/librealsense-2.53.1/wrappers/matlab) by extensions ['python_setup_py']
[0.167s] Level 1:colcon.colcon_core.package_identification:_identify(src/librealsense2/librealsense-2.53.1/wrappers/matlab) by extension 'python_setup_py'
[0.167s] Level 1:colcon.colcon_core.package_identification:_identify(src/librealsense2/librealsense-2.53.1/wrappers/opencv) by extensions ['ignore', 'ignore_ament_install']
[0.167s] Level 1:colcon.colcon_core.package_identification:_identify(src/librealsense2/librealsense-2.53.1/wrappers/opencv) by extension 'ignore'
[0.167s] Level 1:colcon.colcon_core.package_identification:_identify(src/librealsense2/librealsense-2.53.1/wrappers/opencv) by extension 'ignore_ament_install'
[0.167s] Level 1:colcon.colcon_core.package_identification:_identify(src/librealsense2/librealsense-2.53.1/wrappers/opencv) by extensions ['colcon_pkg']
[0.167s] Level 1:colcon.colcon_core.package_identification:_identify(src/librealsense2/librealsense-2.53.1/wrappers/opencv) by extension 'colcon_pkg'
[0.167s] Level 1:colcon.colcon_core.package_identification:_identify(src/librealsense2/librealsense-2.53.1/wrappers/opencv) by extensions ['colcon_meta']
[0.167s] Level 1:colcon.colcon_core.package_identification:_identify(src/librealsense2/librealsense-2.53.1/wrappers/opencv) by extension 'colcon_meta'
[0.167s] Level 1:colcon.colcon_core.package_identification:_identify(src/librealsense2/librealsense-2.53.1/wrappers/opencv) by extensions ['ros']
[0.167s] Level 1:colcon.colcon_core.package_identification:_identify(src/librealsense2/librealsense-2.53.1/wrappers/opencv) by extension 'ros'
[0.167s] Level 1:colcon.colcon_core.package_identification:_identify(src/librealsense2/librealsense-2.53.1/wrappers/opencv) by extensions ['cmake', 'python']
[0.167s] Level 1:colcon.colcon_core.package_identification:_identify(src/librealsense2/librealsense-2.53.1/wrappers/opencv) by extension 'cmake'
[0.167s] Level 1:colcon.colcon_core.package_identification:_identify(src/librealsense2/librealsense-2.53.1/wrappers/opencv) by extension 'python'
[0.167s] Level 1:colcon.colcon_core.package_identification:_identify(src/librealsense2/librealsense-2.53.1/wrappers/opencv) by extensions ['python_setup_py']
[0.167s] Level 1:colcon.colcon_core.package_identification:_identify(src/librealsense2/librealsense-2.53.1/wrappers/opencv) by extension 'python_setup_py'
[0.167s] Level 1:colcon.colcon_core.package_identification:_identify(src/librealsense2/librealsense-2.53.1/wrappers/opencv/depth-filter) by extensions ['ignore', 'ignore_ament_install']
[0.167s] Level 1:colcon.colcon_core.package_identification:_identify(src/librealsense2/librealsense-2.53.1/wrappers/opencv/depth-filter) by extension 'ignore'
[0.167s] Level 1:colcon.colcon_core.package_identification:_identify(src/librealsense2/librealsense-2.53.1/wrappers/opencv/depth-filter) by extension 'ignore_ament_install'
[0.167s] Level 1:colcon.colcon_core.package_identification:_identify(src/librealsense2/librealsense-2.53.1/wrappers/opencv/depth-filter) by extensions ['colcon_pkg']
[0.167s] Level 1:colcon.colcon_core.package_identification:_identify(src/librealsense2/librealsense-2.53.1/wrappers/opencv/depth-filter) by extension 'colcon_pkg'
[0.167s] Level 1:colcon.colcon_core.package_identification:_identify(src/librealsense2/librealsense-2.53.1/wrappers/opencv/depth-filter) by extensions ['colcon_meta']
[0.167s] Level 1:colcon.colcon_core.package_identification:_identify(src/librealsense2/librealsense-2.53.1/wrappers/opencv/depth-filter) by extension 'colcon_meta'
[0.167s] Level 1:colcon.colcon_core.package_identification:_identify(src/librealsense2/librealsense-2.53.1/wrappers/opencv/depth-filter) by extensions ['ros']
[0.167s] Level 1:colcon.colcon_core.package_identification:_identify(src/librealsense2/librealsense-2.53.1/wrappers/opencv/depth-filter) by extension 'ros'
[0.167s] Level 1:colcon.colcon_core.package_identification:_identify(src/librealsense2/librealsense-2.53.1/wrappers/opencv/depth-filter) by extensions ['cmake', 'python']
[0.167s] Level 1:colcon.colcon_core.package_identification:_identify(src/librealsense2/librealsense-2.53.1/wrappers/opencv/depth-filter) by extension 'cmake'
[0.167s] Level 1:colcon.colcon_core.package_identification:_identify(src/librealsense2/librealsense-2.53.1/wrappers/opencv/depth-filter) by extension 'python'
[0.167s] Level 1:colcon.colcon_core.package_identification:_identify(src/librealsense2/librealsense-2.53.1/wrappers/opencv/depth-filter) by extensions ['python_setup_py']
[0.167s] Level 1:colcon.colcon_core.package_identification:_identify(src/librealsense2/librealsense-2.53.1/wrappers/opencv/depth-filter) by extension 'python_setup_py'
[0.167s] Level 1:colcon.colcon_core.package_identification:_identify(src/librealsense2/librealsense-2.53.1/wrappers/python) by extensions ['ignore', 'ignore_ament_install']
[0.167s] Level 1:colcon.colcon_core.package_identification:_identify(src/librealsense2/librealsense-2.53.1/wrappers/python) by extension 'ignore'
[0.167s] Level 1:colcon.colcon_core.package_identification:_identify(src/librealsense2/librealsense-2.53.1/wrappers/python) by extension 'ignore_ament_install'
[0.167s] Level 1:colcon.colcon_core.package_identification:_identify(src/librealsense2/librealsense-2.53.1/wrappers/python) by extensions ['colcon_pkg']
[0.168s] Level 1:colcon.colcon_core.package_identification:_identify(src/librealsense2/librealsense-2.53.1/wrappers/python) by extension 'colcon_pkg'
[0.168s] Level 1:colcon.colcon_core.package_identification:_identify(src/librealsense2/librealsense-2.53.1/wrappers/python) by extensions ['colcon_meta']
[0.168s] Level 1:colcon.colcon_core.package_identification:_identify(src/librealsense2/librealsense-2.53.1/wrappers/python) by extension 'colcon_meta'
[0.168s] Level 1:colcon.colcon_core.package_identification:_identify(src/librealsense2/librealsense-2.53.1/wrappers/python) by extensions ['ros']
[0.168s] Level 1:colcon.colcon_core.package_identification:_identify(src/librealsense2/librealsense-2.53.1/wrappers/python) by extension 'ros'
[0.168s] Level 1:colcon.colcon_core.package_identification:_identify(src/librealsense2/librealsense-2.53.1/wrappers/python) by extensions ['cmake', 'python']
[0.168s] Level 1:colcon.colcon_core.package_identification:_identify(src/librealsense2/librealsense-2.53.1/wrappers/python) by extension 'cmake'
[0.168s] Level 1:colcon.colcon_core.package_identification:_identify(src/librealsense2/librealsense-2.53.1/wrappers/python) by extension 'python'
[0.168s] Level 1:colcon.colcon_core.package_identification:_identify(src/librealsense2/librealsense-2.53.1/wrappers/python) by extensions ['python_setup_py']
[0.168s] Level 1:colcon.colcon_core.package_identification:_identify(src/librealsense2/librealsense-2.53.1/wrappers/python) by extension 'python_setup_py'
[0.168s] Level 1:colcon.colcon_core.package_identification:_identify(src/librealsense2/librealsense-2.53.1/wrappers/python/examples) by extensions ['ignore', 'ignore_ament_install']
[0.168s] Level 1:colcon.colcon_core.package_identification:_identify(src/librealsense2/librealsense-2.53.1/wrappers/python/examples) by extension 'ignore'
[0.168s] Level 1:colcon.colcon_core.package_identification:_identify(src/librealsense2/librealsense-2.53.1/wrappers/python/examples) by extension 'ignore_ament_install'
[0.168s] Level 1:colcon.colcon_core.package_identification:_identify(src/librealsense2/librealsense-2.53.1/wrappers/python/examples) by extensions ['colcon_pkg']
[0.168s] Level 1:colcon.colcon_core.package_identification:_identify(src/librealsense2/librealsense-2.53.1/wrappers/python/examples) by extension 'colcon_pkg'
[0.168s] Level 1:colcon.colcon_core.package_identification:_identify(src/librealsense2/librealsense-2.53.1/wrappers/python/examples) by extensions ['colcon_meta']
[0.168s] Level 1:colcon.colcon_core.package_identification:_identify(src/librealsense2/librealsense-2.53.1/wrappers/python/examples) by extension 'colcon_meta'
[0.168s] Level 1:colcon.colcon_core.package_identification:_identify(src/librealsense2/librealsense-2.53.1/wrappers/python/examples) by extensions ['ros']
[0.168s] Level 1:colcon.colcon_core.package_identification:_identify(src/librealsense2/librealsense-2.53.1/wrappers/python/examples) by extension 'ros'
[0.168s] Level 1:colcon.colcon_core.package_identification:_identify(src/librealsense2/librealsense-2.53.1/wrappers/python/examples) by extensions ['cmake', 'python']
[0.168s] Level 1:colcon.colcon_core.package_identification:_identify(src/librealsense2/librealsense-2.53.1/wrappers/python/examples) by extension 'cmake'
[0.168s] Level 1:colcon.colcon_core.package_identification:_identify(src/librealsense2/librealsense-2.53.1/wrappers/python/examples) by extension 'python'
[0.168s] Level 1:colcon.colcon_core.package_identification:_identify(src/librealsense2/librealsense-2.53.1/wrappers/python/examples) by extensions ['python_setup_py']
[0.168s] Level 1:colcon.colcon_core.package_identification:_identify(src/librealsense2/librealsense-2.53.1/wrappers/python/examples) by extension 'python_setup_py'
[0.168s] Level 1:colcon.colcon_core.package_identification:_identify(src/librealsense2/librealsense-2.53.1/wrappers/python/examples/box_dimensioner_multicam) by extensions ['ignore', 'ignore_ament_install']
[0.168s] Level 1:colcon.colcon_core.package_identification:_identify(src/librealsense2/librealsense-2.53.1/wrappers/python/examples/box_dimensioner_multicam) by extension 'ignore'
[0.168s] Level 1:colcon.colcon_core.package_identification:_identify(src/librealsense2/librealsense-2.53.1/wrappers/python/examples/box_dimensioner_multicam) by extension 'ignore_ament_install'
[0.168s] Level 1:colcon.colcon_core.package_identification:_identify(src/librealsense2/librealsense-2.53.1/wrappers/python/examples/box_dimensioner_multicam) by extensions ['colcon_pkg']
[0.168s] Level 1:colcon.colcon_core.package_identification:_identify(src/librealsense2/librealsense-2.53.1/wrappers/python/examples/box_dimensioner_multicam) by extension 'colcon_pkg'
[0.168s] Level 1:colcon.colcon_core.package_identification:_identify(src/librealsense2/librealsense-2.53.1/wrappers/python/examples/box_dimensioner_multicam) by extensions ['colcon_meta']
[0.168s] Level 1:colcon.colcon_core.package_identification:_identify(src/librealsense2/librealsense-2.53.1/wrappers/python/examples/box_dimensioner_multicam) by extension 'colcon_meta'
[0.168s] Level 1:colcon.colcon_core.package_identification:_identify(src/librealsense2/librealsense-2.53.1/wrappers/python/examples/box_dimensioner_multicam) by extensions ['ros']
[0.168s] Level 1:colcon.colcon_core.package_identification:_identify(src/librealsense2/librealsense-2.53.1/wrappers/python/examples/box_dimensioner_multicam) by extension 'ros'
[0.168s] Level 1:colcon.colcon_core.package_identification:_identify(src/librealsense2/librealsense-2.53.1/wrappers/python/examples/box_dimensioner_multicam) by extensions ['cmake', 'python']
[0.168s] Level 1:colcon.colcon_core.package_identification:_identify(src/librealsense2/librealsense-2.53.1/wrappers/python/examples/box_dimensioner_multicam) by extension 'cmake'
[0.168s] Level 1:colcon.colcon_core.package_identification:_identify(src/librealsense2/librealsense-2.53.1/wrappers/python/examples/box_dimensioner_multicam) by extension 'python'
[0.168s] Level 1:colcon.colcon_core.package_identification:_identify(src/librealsense2/librealsense-2.53.1/wrappers/python/examples/box_dimensioner_multicam) by extensions ['python_setup_py']
[0.168s] Level 1:colcon.colcon_core.package_identification:_identify(src/librealsense2/librealsense-2.53.1/wrappers/python/examples/box_dimensioner_multicam) by extension 'python_setup_py'
[0.168s] Level 1:colcon.colcon_core.package_identification:_identify(src/librealsense2/librealsense-2.53.1/wrappers/python/examples/t265_wheel_odometry) by extensions ['ignore', 'ignore_ament_install']
[0.168s] Level 1:colcon.colcon_core.package_identification:_identify(src/librealsense2/librealsense-2.53.1/wrappers/python/examples/t265_wheel_odometry) by extension 'ignore'
[0.168s] Level 1:colcon.colcon_core.package_identification:_identify(src/librealsense2/librealsense-2.53.1/wrappers/python/examples/t265_wheel_odometry) by extension 'ignore_ament_install'
[0.168s] Level 1:colcon.colcon_core.package_identification:_identify(src/librealsense2/librealsense-2.53.1/wrappers/python/examples/t265_wheel_odometry) by extensions ['colcon_pkg']
[0.168s] Level 1:colcon.colcon_core.package_identification:_identify(src/librealsense2/librealsense-2.53.1/wrappers/python/examples/t265_wheel_odometry) by extension 'colcon_pkg'
[0.168s] Level 1:colcon.colcon_core.package_identification:_identify(src/librealsense2/librealsense-2.53.1/wrappers/python/examples/t265_wheel_odometry) by extensions ['colcon_meta']
[0.168s] Level 1:colcon.colcon_core.package_identification:_identify(src/librealsense2/librealsense-2.53.1/wrappers/python/examples/t265_wheel_odometry) by extension 'colcon_meta'
[0.169s] Level 1:colcon.colcon_core.package_identification:_identify(src/librealsense2/librealsense-2.53.1/wrappers/python/examples/t265_wheel_odometry) by extensions ['ros']
[0.169s] Level 1:colcon.colcon_core.package_identification:_identify(src/librealsense2/librealsense-2.53.1/wrappers/python/examples/t265_wheel_odometry) by extension 'ros'
[0.169s] Level 1:colcon.colcon_core.package_identification:_identify(src/librealsense2/librealsense-2.53.1/wrappers/python/examples/t265_wheel_odometry) by extensions ['cmake', 'python']
[0.169s] Level 1:colcon.colcon_core.package_identification:_identify(src/librealsense2/librealsense-2.53.1/wrappers/python/examples/t265_wheel_odometry) by extension 'cmake'
[0.169s] Level 1:colcon.colcon_core.package_identification:_identify(src/librealsense2/librealsense-2.53.1/wrappers/python/examples/t265_wheel_odometry) by extension 'python'
[0.169s] Level 1:colcon.colcon_core.package_identification:_identify(src/librealsense2/librealsense-2.53.1/wrappers/python/examples/t265_wheel_odometry) by extensions ['python_setup_py']
[0.169s] Level 1:colcon.colcon_core.package_identification:_identify(src/librealsense2/librealsense-2.53.1/wrappers/python/examples/t265_wheel_odometry) by extension 'python_setup_py'
[0.169s] Level 1:colcon.colcon_core.package_identification:_identify(src/mirror) by extensions ['ignore', 'ignore_ament_install']
[0.169s] Level 1:colcon.colcon_core.package_identification:_identify(src/mirror) by extension 'ignore'
[0.169s] Level 1:colcon.colcon_core.package_identification:_identify(src/mirror) by extension 'ignore_ament_install'
[0.169s] Level 1:colcon.colcon_core.package_identification:_identify(src/mirror) by extensions ['colcon_pkg']
[0.169s] Level 1:colcon.colcon_core.package_identification:_identify(src/mirror) by extension 'colcon_pkg'
[0.169s] Level 1:colcon.colcon_core.package_identification:_identify(src/mirror) by extensions ['colcon_meta']
[0.169s] Level 1:colcon.colcon_core.package_identification:_identify(src/mirror) by extension 'colcon_meta'
[0.169s] Level 1:colcon.colcon_core.package_identification:_identify(src/mirror) by extensions ['ros']
[0.169s] Level 1:colcon.colcon_core.package_identification:_identify(src/mirror) by extension 'ros'
[0.170s] DEBUG:colcon.colcon_core.package_identification:Package 'src/mirror' with type 'ros.ament_cmake' and name 'mirror'
[0.170s] Level 1:colcon.colcon_core.package_identification:_identify(src/realsense-ros) by extensions ['ignore', 'ignore_ament_install']
[0.170s] Level 1:colcon.colcon_core.package_identification:_identify(src/realsense-ros) by extension 'ignore'
[0.170s] Level 1:colcon.colcon_core.package_identification:_identify(src/realsense-ros) by extension 'ignore_ament_install'
[0.171s] Level 1:colcon.colcon_core.package_identification:_identify(src/realsense-ros) by extensions ['colcon_pkg']
[0.171s] Level 1:colcon.colcon_core.package_identification:_identify(src/realsense-ros) by extension 'colcon_pkg'
[0.171s] Level 1:colcon.colcon_core.package_identification:_identify(src/realsense-ros) by extensions ['colcon_meta']
[0.171s] Level 1:colcon.colcon_core.package_identification:_identify(src/realsense-ros) by extension 'colcon_meta'
[0.171s] Level 1:colcon.colcon_core.package_identification:_identify(src/realsense-ros) by extensions ['ros']
[0.171s] Level 1:colcon.colcon_core.package_identification:_identify(src/realsense-ros) by extension 'ros'
[0.171s] Level 1:colcon.colcon_core.package_identification:_identify(src/realsense-ros) by extensions ['cmake', 'python']
[0.171s] Level 1:colcon.colcon_core.package_identification:_identify(src/realsense-ros) by extension 'cmake'
[0.171s] Level 1:colcon.colcon_core.package_identification:_identify(src/realsense-ros) by extension 'python'
[0.171s] Level 1:colcon.colcon_core.package_identification:_identify(src/realsense-ros) by extensions ['python_setup_py']
[0.171s] Level 1:colcon.colcon_core.package_identification:_identify(src/realsense-ros) by extension 'python_setup_py'
[0.171s] Level 1:colcon.colcon_core.package_identification:_identify(src/realsense-ros/realsense2_camera) by extensions ['ignore', 'ignore_ament_install']
[0.171s] Level 1:colcon.colcon_core.package_identification:_identify(src/realsense-ros/realsense2_camera) by extension 'ignore'
[0.171s] Level 1:colcon.colcon_core.package_identification:_identify(src/realsense-ros/realsense2_camera) by extension 'ignore_ament_install'
[0.171s] Level 1:colcon.colcon_core.package_identification:_identify(src/realsense-ros/realsense2_camera) by extensions ['colcon_pkg']
[0.171s] Level 1:colcon.colcon_core.package_identification:_identify(src/realsense-ros/realsense2_camera) by extension 'colcon_pkg'
[0.171s] Level 1:colcon.colcon_core.package_identification:_identify(src/realsense-ros/realsense2_camera) by extensions ['colcon_meta']
[0.171s] Level 1:colcon.colcon_core.package_identification:_identify(src/realsense-ros/realsense2_camera) by extension 'colcon_meta'
[0.171s] Level 1:colcon.colcon_core.package_identification:_identify(src/realsense-ros/realsense2_camera) by extensions ['ros']
[0.171s] Level 1:colcon.colcon_core.package_identification:_identify(src/realsense-ros/realsense2_camera) by extension 'ros'
[0.172s] DEBUG:colcon.colcon_core.package_identification:Package 'src/realsense-ros/realsense2_camera' with type 'ros.ament_cmake' and name 'realsense2_camera'
[0.172s] Level 1:colcon.colcon_core.package_identification:_identify(src/realsense-ros/realsense2_camera_msgs) by extensions ['ignore', 'ignore_ament_install']
[0.172s] Level 1:colcon.colcon_core.package_identification:_identify(src/realsense-ros/realsense2_camera_msgs) by extension 'ignore'
[0.172s] Level 1:colcon.colcon_core.package_identification:_identify(src/realsense-ros/realsense2_camera_msgs) by extension 'ignore_ament_install'
[0.172s] Level 1:colcon.colcon_core.package_identification:_identify(src/realsense-ros/realsense2_camera_msgs) by extensions ['colcon_pkg']
[0.172s] Level 1:colcon.colcon_core.package_identification:_identify(src/realsense-ros/realsense2_camera_msgs) by extension 'colcon_pkg'
[0.172s] Level 1:colcon.colcon_core.package_identification:_identify(src/realsense-ros/realsense2_camera_msgs) by extensions ['colcon_meta']
[0.172s] Level 1:colcon.colcon_core.package_identification:_identify(src/realsense-ros/realsense2_camera_msgs) by extension 'colcon_meta'
[0.172s] Level 1:colcon.colcon_core.package_identification:_identify(src/realsense-ros/realsense2_camera_msgs) by extensions ['ros']
[0.172s] Level 1:colcon.colcon_core.package_identification:_identify(src/realsense-ros/realsense2_camera_msgs) by extension 'ros'
[0.172s] DEBUG:colcon.colcon_core.package_identification:Package 'src/realsense-ros/realsense2_camera_msgs' with type 'ros.ament_cmake' and name 'realsense2_camera_msgs'
[0.172s] Level 1:colcon.colcon_core.package_identification:_identify(src/realsense-ros/realsense2_description) by extensions ['ignore', 'ignore_ament_install']
[0.172s] Level 1:colcon.colcon_core.package_identification:_identify(src/realsense-ros/realsense2_description) by extension 'ignore'
[0.172s] Level 1:colcon.colcon_core.package_identification:_identify(src/realsense-ros/realsense2_description) by extension 'ignore_ament_install'
[0.173s] Level 1:colcon.colcon_core.package_identification:_identify(src/realsense-ros/realsense2_description) by extensions ['colcon_pkg']
[0.173s] Level 1:colcon.colcon_core.package_identification:_identify(src/realsense-ros/realsense2_description) by extension 'colcon_pkg'
[0.173s] Level 1:colcon.colcon_core.package_identification:_identify(src/realsense-ros/realsense2_description) by extensions ['colcon_meta']
[0.173s] Level 1:colcon.colcon_core.package_identification:_identify(src/realsense-ros/realsense2_description) by extension 'colcon_meta'
[0.173s] Level 1:colcon.colcon_core.package_identification:_identify(src/realsense-ros/realsense2_description) by extensions ['ros']
[0.173s] Level 1:colcon.colcon_core.package_identification:_identify(src/realsense-ros/realsense2_description) by extension 'ros'
[0.173s] DEBUG:colcon.colcon_core.package_identification:Package 'src/realsense-ros/realsense2_description' with type 'ros.ament_cmake' and name 'realsense2_description'
[0.173s] Level 1:colcon.colcon_core.package_identification:_identify(src/realsense-ros/scripts) by extensions ['ignore', 'ignore_ament_install']
[0.173s] Level 1:colcon.colcon_core.package_identification:_identify(src/realsense-ros/scripts) by extension 'ignore'
[0.173s] Level 1:colcon.colcon_core.package_identification:_identify(src/realsense-ros/scripts) by extension 'ignore_ament_install'
[0.173s] Level 1:colcon.colcon_core.package_identification:_identify(src/realsense-ros/scripts) by extensions ['colcon_pkg']
[0.173s] Level 1:colcon.colcon_core.package_identification:_identify(src/realsense-ros/scripts) by extension 'colcon_pkg'
[0.173s] Level 1:colcon.colcon_core.package_identification:_identify(src/realsense-ros/scripts) by extensions ['colcon_meta']
[0.173s] Level 1:colcon.colcon_core.package_identification:_identify(src/realsense-ros/scripts) by extension 'colcon_meta'
[0.173s] Level 1:colcon.colcon_core.package_identification:_identify(src/realsense-ros/scripts) by extensions ['ros']
[0.173s] Level 1:colcon.colcon_core.package_identification:_identify(src/realsense-ros/scripts) by extension 'ros'
[0.173s] Level 1:colcon.colcon_core.package_identification:_identify(src/realsense-ros/scripts) by extensions ['cmake', 'python']
[0.173s] Level 1:colcon.colcon_core.package_identification:_identify(src/realsense-ros/scripts) by extension 'cmake'
[0.173s] Level 1:colcon.colcon_core.package_identification:_identify(src/realsense-ros/scripts) by extension 'python'
[0.173s] Level 1:colcon.colcon_core.package_identification:_identify(src/realsense-ros/scripts) by extensions ['python_setup_py']
[0.173s] Level 1:colcon.colcon_core.package_identification:_identify(src/realsense-ros/scripts) by extension 'python_setup_py'
[0.173s] Level 1:colcon.colcon_core.package_discovery:discover_packages(recursive) using defaults
[0.173s] Level 1:colcon.colcon_core.package_discovery:discover_packages(ignore) discover
[0.173s] Level 1:colcon.colcon_core.package_discovery:discover_packages(ignore) using defaults
[0.173s] Level 1:colcon.colcon_core.package_discovery:discover_packages(path) discover
[0.173s] Level 1:colcon.colcon_core.package_discovery:discover_packages(path) using defaults
[0.191s] WARNING:colcon.colcon_core.package_discovery:ignoring unknown package 'librealsense2' in --packages-ignore
[0.192s] Level 1:colcon.colcon_core.package_discovery:discover_packages(prefix_path) check parameters
[0.192s] Level 1:colcon.colcon_core.package_discovery:discover_packages(prefix_path) discover
[0.192s] WARNING:colcon.colcon_core.prefix_path.colcon:The path '/home/m5kro/ros2_ws/src/mirror/install' in the environment variable COLCON_PREFIX_PATH doesn't exist
[0.192s] WARNING:colcon.colcon_ros.prefix_path.ament:The path '/home/m5kro/ros2_ws/src/mirror/install/mirror' in the environment variable AMENT_PREFIX_PATH doesn't exist
[0.192s] WARNING:colcon.colcon_ros.prefix_path.catkin:The path '/home/m5kro/ros2_ws/src/mirror/install/mirror' in the environment variable CMAKE_PREFIX_PATH doesn't exist
[0.193s] DEBUG:colcon.colcon_installed_package_information.package_discovery:Found 4 installed packages in /home/m5kro/ros2_ws/install
[0.194s] DEBUG:colcon.colcon_installed_package_information.package_discovery:Found 344 installed packages in /opt/ros/humble
[0.195s] Level 1:colcon.colcon_core.package_discovery:discover_packages(prefix_path) using defaults
[0.218s] WARNING:colcon.colcon_core.package_selection:Some selected packages are already built in one or more underlay workspaces:
	'realsense2_camera' is in: /home/m5kro/ros2_ws/install/realsense2_camera, /opt/ros/humble
If a package in a merged underlay workspace is overridden and it installs headers, then all packages in the overlay must sort their include directories by workspace order. Failure to do so may result in build failures or undefined behavior at run time.
If the overridden package is used by another package in any underlay, then the overriding package in the overlay must be API and ABI compatible or undefined behavior at run time may occur.

If you understand the risks and want to override a package anyways, add the following to the command line:
	--allow-overriding realsense2_camera

This may be promoted to an error in a future release of colcon-override-check.
[0.219s] Level 5:colcon.colcon_core.verb:set package 'mirror' build argument 'cmake_args' from command line to 'None'
[0.219s] Level 5:colcon.colcon_core.verb:set package 'mirror' build argument 'cmake_target' from command line to 'None'
[0.219s] Level 5:colcon.colcon_core.verb:set package 'mirror' build argument 'cmake_target_skip_unavailable' from command line to 'False'
[0.219s] Level 5:colcon.colcon_core.verb:set package 'mirror' build argument 'cmake_clean_cache' from command line to 'False'
[0.219s] Level 5:colcon.colcon_core.verb:set package 'mirror' build argument 'cmake_clean_first' from command line to 'False'
[0.219s] Level 5:colcon.colcon_core.verb:set package 'mirror' build argument 'cmake_force_configure' from command line to 'False'
[0.219s] Level 5:colcon.colcon_core.verb:set package 'mirror' build argument 'ament_cmake_args' from command line to 'None'
[0.219s] Level 5:colcon.colcon_core.verb:set package 'mirror' build argument 'catkin_cmake_args' from command line to 'None'
[0.219s] Level 5:colcon.colcon_core.verb:set package 'mirror' build argument 'catkin_skip_building_tests' from command line to 'False'
[0.219s] DEBUG:colcon.colcon_core.verb:Building package 'mirror' with the following arguments: {'ament_cmake_args': None, 'build_base': '/home/m5kro/ros2_ws/build/mirror', 'catkin_cmake_args': None, 'catkin_skip_building_tests': False, 'cmake_args': None, 'cmake_clean_cache': False, 'cmake_clean_first': False, 'cmake_force_configure': False, 'cmake_target': None, 'cmake_target_skip_unavailable': False, 'install_base': '/home/m5kro/ros2_ws/install/mirror', 'merge_install': False, 'path': '/home/m5kro/ros2_ws/src/mirror', 'symlink_install': True, 'test_result_base': None}
[0.219s] Level 5:colcon.colcon_core.verb:set package 'realsense2_camera_msgs' build argument 'cmake_args' from command line to 'None'
[0.220s] Level 5:colcon.colcon_core.verb:set package 'realsense2_camera_msgs' build argument 'cmake_target' from command line to 'None'
[0.220s] Level 5:colcon.colcon_core.verb:set package 'realsense2_camera_msgs' build argument 'cmake_target_skip_unavailable' from command line to 'False'
[0.220s] Level 5:colcon.colcon_core.verb:set package 'realsense2_camera_msgs' build argument 'cmake_clean_cache' from command line to 'False'
[0.220s] Level 5:colcon.colcon_core.verb:set package 'realsense2_camera_msgs' build argument 'cmake_clean_first' from command line to 'False'
[0.220s] Level 5:colcon.colcon_core.verb:set package 'realsense2_camera_msgs' build argument 'cmake_force_configure' from command line to 'False'
[0.220s] Level 5:colcon.colcon_core.verb:set package 'realsense2_camera_msgs' build argument 'ament_cmake_args' from command line to 'None'
[0.220s] Level 5:colcon.colcon_core.verb:set package 'realsense2_camera_msgs' build argument 'catkin_cmake_args' from command line to 'None'
[0.220s] Level 5:colcon.colcon_core.verb:set package 'realsense2_camera_msgs' build argument 'catkin_skip_building_tests' from command line to 'False'
[0.220s] DEBUG:colcon.colcon_core.verb:Building package 'realsense2_camera_msgs' with the following arguments: {'ament_cmake_args': None, 'build_base': '/home/m5kro/ros2_ws/build/realsense2_camera_msgs', 'catkin_cmake_args': None, 'catkin_skip_building_tests': False, 'cmake_args': None, 'cmake_clean_cache': False, 'cmake_clean_first': False, 'cmake_force_configure': False, 'cmake_target': None, 'cmake_target_skip_unavailable': False, 'install_base': '/home/m5kro/ros2_ws/install/realsense2_camera_msgs', 'merge_install': False, 'path': '/home/m5kro/ros2_ws/src/realsense-ros/realsense2_camera_msgs', 'symlink_install': True, 'test_result_base': None}
[0.220s] Level 5:colcon.colcon_core.verb:set package 'realsense2_camera' build argument 'cmake_args' from command line to 'None'
[0.220s] Level 5:colcon.colcon_core.verb:set package 'realsense2_camera' build argument 'cmake_target' from command line to 'None'
[0.220s] Level 5:colcon.colcon_core.verb:set package 'realsense2_camera' build argument 'cmake_target_skip_unavailable' from command line to 'False'
[0.220s] Level 5:colcon.colcon_core.verb:set package 'realsense2_camera' build argument 'cmake_clean_cache' from command line to 'False'
[0.220s] Level 5:colcon.colcon_core.verb:set package 'realsense2_camera' build argument 'cmake_clean_first' from command line to 'False'
[0.220s] Level 5:colcon.colcon_core.verb:set package 'realsense2_camera' build argument 'cmake_force_configure' from command line to 'False'
[0.220s] Level 5:colcon.colcon_core.verb:set package 'realsense2_camera' build argument 'ament_cmake_args' from command line to 'None'
[0.220s] Level 5:colcon.colcon_core.verb:set package 'realsense2_camera' build argument 'catkin_cmake_args' from command line to 'None'
[0.220s] Level 5:colcon.colcon_core.verb:set package 'realsense2_camera' build argument 'catkin_skip_building_tests' from command line to 'False'
[0.220s] DEBUG:colcon.colcon_core.verb:Building package 'realsense2_camera' with the following arguments: {'ament_cmake_args': None, 'build_base': '/home/m5kro/ros2_ws/build/realsense2_camera', 'catkin_cmake_args': None, 'catkin_skip_building_tests': False, 'cmake_args': None, 'cmake_clean_cache': False, 'cmake_clean_first': False, 'cmake_force_configure': False, 'cmake_target': None, 'cmake_target_skip_unavailable': False, 'install_base': '/home/m5kro/ros2_ws/install/realsense2_camera', 'merge_install': False, 'path': '/home/m5kro/ros2_ws/src/realsense-ros/realsense2_camera', 'symlink_install': True, 'test_result_base': None}
[0.220s] Level 5:colcon.colcon_core.verb:set package 'realsense2_description' build argument 'cmake_args' from command line to 'None'
[0.220s] Level 5:colcon.colcon_core.verb:set package 'realsense2_description' build argument 'cmake_target' from command line to 'None'
[0.220s] Level 5:colcon.colcon_core.verb:set package 'realsense2_description' build argument 'cmake_target_skip_unavailable' from command line to 'False'
[0.220s] Level 5:colcon.colcon_core.verb:set package 'realsense2_description' build argument 'cmake_clean_cache' from command line to 'False'
[0.220s] Level 5:colcon.colcon_core.verb:set package 'realsense2_description' build argument 'cmake_clean_first' from command line to 'False'
[0.220s] Level 5:colcon.colcon_core.verb:set package 'realsense2_description' build argument 'cmake_force_configure' from command line to 'False'
[0.220s] Level 5:colcon.colcon_core.verb:set package 'realsense2_description' build argument 'ament_cmake_args' from command line to 'None'
[0.220s] Level 5:colcon.colcon_core.verb:set package 'realsense2_description' build argument 'catkin_cmake_args' from command line to 'None'
[0.220s] Level 5:colcon.colcon_core.verb:set package 'realsense2_description' build argument 'catkin_skip_building_tests' from command line to 'False'
[0.220s] DEBUG:colcon.colcon_core.verb:Building package 'realsense2_description' with the following arguments: {'ament_cmake_args': None, 'build_base': '/home/m5kro/ros2_ws/build/realsense2_description', 'catkin_cmake_args': None, 'catkin_skip_building_tests': False, 'cmake_args': None, 'cmake_clean_cache': False, 'cmake_clean_first': False, 'cmake_force_configure': False, 'cmake_target': None, 'cmake_target_skip_unavailable': False, 'install_base': '/home/m5kro/ros2_ws/install/realsense2_description', 'merge_install': False, 'path': '/home/m5kro/ros2_ws/src/realsense-ros/realsense2_description', 'symlink_install': True, 'test_result_base': None}
[0.220s] INFO:colcon.colcon_core.executor:Executing jobs using 'parallel' executor
[0.221s] DEBUG:colcon.colcon_parallel_executor.executor.parallel:run_until_complete
[0.221s] INFO:colcon.colcon_ros.task.ament_cmake.build:Building ROS package in '/home/m5kro/ros2_ws/src/realsense-ros/realsense2_camera_msgs' with build type 'ament_cmake'
[0.221s] INFO:colcon.colcon_cmake.task.cmake.build:Building CMake package in '/home/m5kro/ros2_ws/src/realsense-ros/realsense2_camera_msgs'
[0.222s] INFO:colcon.colcon_core.plugin_system:Skipping extension 'colcon_core.shell.bat': Not used on non-Windows systems
[0.222s] INFO:colcon.colcon_core.shell:Skip shell extension 'powershell' for command environment: Not usable outside of PowerShell
[0.222s] DEBUG:colcon.colcon_core.shell:Skip shell extension 'dsv' for command environment
[0.225s] INFO:colcon.colcon_ros.task.ament_cmake.build:Building ROS package in '/home/m5kro/ros2_ws/src/mirror' with build type 'ament_cmake'
[0.225s] INFO:colcon.colcon_cmake.task.cmake.build:Building CMake package in '/home/m5kro/ros2_ws/src/mirror'
[0.225s] INFO:colcon.colcon_core.shell:Skip shell extension 'powershell' for command environment: Not usable outside of PowerShell
[0.225s] DEBUG:colcon.colcon_core.shell:Skip shell extension 'dsv' for command environment
[0.231s] DEBUG:colcon.colcon_core.event_handler.log_command:Invoking command in '/home/m5kro/ros2_ws/build/realsense2_camera_msgs': CMAKE_PREFIX_PATH=${CMAKE_PREFIX_PATH}:/opt/ros/humble /usr/bin/cmake --build /home/m5kro/ros2_ws/build/realsense2_camera_msgs -- -j12 -l12
[0.234s] DEBUG:colcon.colcon_core.event_handler.log_command:Invoking command in '/home/m5kro/ros2_ws/build/mirror': CMAKE_PREFIX_PATH=${CMAKE_PREFIX_PATH}:/opt/ros/humble /usr/bin/cmake --build /home/m5kro/ros2_ws/build/mirror -- -j12 -l12
[0.260s] DEBUG:colcon.colcon_core.event_handler.log_command:Invoked command in '/home/m5kro/ros2_ws/build/mirror' returned '0': CMAKE_PREFIX_PATH=${CMAKE_PREFIX_PATH}:/opt/ros/humble /usr/bin/cmake --build /home/m5kro/ros2_ws/build/mirror -- -j12 -l12
[0.268s] DEBUG:colcon.colcon_core.event_handler.log_command:Invoking command in '/home/m5kro/ros2_ws/build/mirror': CMAKE_PREFIX_PATH=${CMAKE_PREFIX_PATH}:/opt/ros/humble /usr/bin/cmake --install /home/m5kro/ros2_ws/build/mirror
[0.280s] Level 1:colcon.colcon_core.environment:create_environment_scripts_only(mirror)
[0.280s] DEBUG:colcon.colcon_core.event_handler.log_command:Invoked command in '/home/m5kro/ros2_ws/build/mirror' returned '0': CMAKE_PREFIX_PATH=${CMAKE_PREFIX_PATH}:/opt/ros/humble /usr/bin/cmake --install /home/m5kro/ros2_ws/build/mirror
[0.282s] Level 1:colcon.colcon_core.environment:checking '/home/m5kro/ros2_ws/install/mirror' for CMake module files
[0.282s] Level 1:colcon.colcon_core.environment:checking '/home/m5kro/ros2_ws/install/mirror' for CMake config files
[0.282s] Level 1:colcon.colcon_core.shell:create_environment_hook('mirror', 'cmake_prefix_path')
[0.282s] INFO:colcon.colcon_core.shell:Creating environment hook '/home/m5kro/ros2_ws/install/mirror/share/mirror/hook/cmake_prefix_path.ps1'
[0.283s] INFO:colcon.colcon_core.shell:Creating environment descriptor '/home/m5kro/ros2_ws/install/mirror/share/mirror/hook/cmake_prefix_path.dsv'
[0.284s] INFO:colcon.colcon_core.shell:Creating environment hook '/home/m5kro/ros2_ws/install/mirror/share/mirror/hook/cmake_prefix_path.sh'
[0.285s] Level 1:colcon.colcon_core.environment:checking '/home/m5kro/ros2_ws/install/mirror/bin'
[0.285s] Level 1:colcon.colcon_core.environment:checking '/home/m5kro/ros2_ws/install/mirror/lib/pkgconfig/mirror.pc'
[0.285s] Level 1:colcon.colcon_core.environment:checking '/home/m5kro/ros2_ws/install/mirror/lib/python3.10/site-packages'
[0.285s] Level 1:colcon.colcon_core.environment:checking '/home/m5kro/ros2_ws/install/mirror/bin'
[0.285s] INFO:colcon.colcon_core.shell:Creating package script '/home/m5kro/ros2_ws/install/mirror/share/mirror/package.ps1'
[0.286s] INFO:colcon.colcon_core.shell:Creating package descriptor '/home/m5kro/ros2_ws/install/mirror/share/mirror/package.dsv'
[0.286s] INFO:colcon.colcon_core.shell:Creating package script '/home/m5kro/ros2_ws/install/mirror/share/mirror/package.sh'
[0.287s] INFO:colcon.colcon_core.shell:Creating package script '/home/m5kro/ros2_ws/install/mirror/share/mirror/package.bash'
[0.287s] INFO:colcon.colcon_core.shell:Creating package script '/home/m5kro/ros2_ws/install/mirror/share/mirror/package.zsh'
[0.288s] Level 1:colcon.colcon_core.environment:create_file_with_runtime_dependencies(/home/m5kro/ros2_ws/install/mirror/share/colcon-core/packages/mirror)
[0.289s] Level 1:colcon.colcon_core.environment:create_environment_scripts_only(mirror)
[0.289s] Level 1:colcon.colcon_core.environment:checking '/home/m5kro/ros2_ws/install/mirror' for CMake module files
[0.289s] Level 1:colcon.colcon_core.environment:checking '/home/m5kro/ros2_ws/install/mirror' for CMake config files
[0.289s] Level 1:colcon.colcon_core.shell:create_environment_hook('mirror', 'cmake_prefix_path')
[0.289s] INFO:colcon.colcon_core.shell:Creating environment hook '/home/m5kro/ros2_ws/install/mirror/share/mirror/hook/cmake_prefix_path.ps1'
[0.290s] INFO:colcon.colcon_core.shell:Creating environment descriptor '/home/m5kro/ros2_ws/install/mirror/share/mirror/hook/cmake_prefix_path.dsv'
[0.290s] INFO:colcon.colcon_core.shell:Creating environment hook '/home/m5kro/ros2_ws/install/mirror/share/mirror/hook/cmake_prefix_path.sh'
[0.290s] Level 1:colcon.colcon_core.environment:checking '/home/m5kro/ros2_ws/install/mirror/bin'
[0.290s] Level 1:colcon.colcon_core.environment:checking '/home/m5kro/ros2_ws/install/mirror/lib/pkgconfig/mirror.pc'
[0.290s] Level 1:colcon.colcon_core.environment:checking '/home/m5kro/ros2_ws/install/mirror/lib/python3.10/site-packages'
[0.291s] Level 1:colcon.colcon_core.environment:checking '/home/m5kro/ros2_ws/install/mirror/bin'
[0.291s] INFO:colcon.colcon_core.shell:Creating package script '/home/m5kro/ros2_ws/install/mirror/share/mirror/package.ps1'
[0.291s] INFO:colcon.colcon_core.shell:Creating package descriptor '/home/m5kro/ros2_ws/install/mirror/share/mirror/package.dsv'
[0.291s] INFO:colcon.colcon_core.shell:Creating package script '/home/m5kro/ros2_ws/install/mirror/share/mirror/package.sh'
[0.292s] INFO:colcon.colcon_core.shell:Creating package script '/home/m5kro/ros2_ws/install/mirror/share/mirror/package.bash'
[0.292s] INFO:colcon.colcon_core.shell:Creating package script '/home/m5kro/ros2_ws/install/mirror/share/mirror/package.zsh'
[0.292s] Level 1:colcon.colcon_core.environment:create_file_with_runtime_dependencies(/home/m5kro/ros2_ws/install/mirror/share/colcon-core/packages/mirror)
[0.491s] DEBUG:colcon.colcon_core.event_handler.log_command:Invoked command in '/home/m5kro/ros2_ws/build/realsense2_camera_msgs' returned '0': CMAKE_PREFIX_PATH=${CMAKE_PREFIX_PATH}:/opt/ros/humble /usr/bin/cmake --build /home/m5kro/ros2_ws/build/realsense2_camera_msgs -- -j12 -l12
[0.492s] DEBUG:colcon.colcon_core.event_handler.log_command:Invoking command in '/home/m5kro/ros2_ws/build/realsense2_camera_msgs': CMAKE_PREFIX_PATH=${CMAKE_PREFIX_PATH}:/opt/ros/humble /usr/bin/cmake --install /home/m5kro/ros2_ws/build/realsense2_camera_msgs
[0.541s] Level 1:colcon.colcon_core.environment:create_environment_scripts_only(realsense2_camera_msgs)
[0.542s] DEBUG:colcon.colcon_core.event_handler.log_command:Invoked command in '/home/m5kro/ros2_ws/build/realsense2_camera_msgs' returned '0': CMAKE_PREFIX_PATH=${CMAKE_PREFIX_PATH}:/opt/ros/humble /usr/bin/cmake --install /home/m5kro/ros2_ws/build/realsense2_camera_msgs
[0.542s] Level 1:colcon.colcon_core.environment:checking '/home/m5kro/ros2_ws/install/realsense2_camera_msgs' for CMake module files
[0.542s] Level 1:colcon.colcon_core.environment:checking '/home/m5kro/ros2_ws/install/realsense2_camera_msgs' for CMake config files
[0.542s] Level 1:colcon.colcon_core.shell:create_environment_hook('realsense2_camera_msgs', 'cmake_prefix_path')
[0.542s] INFO:colcon.colcon_core.shell:Creating environment hook '/home/m5kro/ros2_ws/install/realsense2_camera_msgs/share/realsense2_camera_msgs/hook/cmake_prefix_path.ps1'
[0.543s] INFO:colcon.colcon_core.shell:Creating environment descriptor '/home/m5kro/ros2_ws/install/realsense2_camera_msgs/share/realsense2_camera_msgs/hook/cmake_prefix_path.dsv'
[0.543s] INFO:colcon.colcon_core.shell:Creating environment hook '/home/m5kro/ros2_ws/install/realsense2_camera_msgs/share/realsense2_camera_msgs/hook/cmake_prefix_path.sh'
[0.543s] Level 1:colcon.colcon_core.environment:checking '/home/m5kro/ros2_ws/install/realsense2_camera_msgs/lib'
[0.543s] Level 1:colcon.colcon_core.shell:create_environment_hook('realsense2_camera_msgs', 'ld_library_path_lib')
[0.544s] INFO:colcon.colcon_core.shell:Creating environment hook '/home/m5kro/ros2_ws/install/realsense2_camera_msgs/share/realsense2_camera_msgs/hook/ld_library_path_lib.ps1'
[0.544s] INFO:colcon.colcon_core.shell:Creating environment descriptor '/home/m5kro/ros2_ws/install/realsense2_camera_msgs/share/realsense2_camera_msgs/hook/ld_library_path_lib.dsv'
[0.544s] INFO:colcon.colcon_core.shell:Creating environment hook '/home/m5kro/ros2_ws/install/realsense2_camera_msgs/share/realsense2_camera_msgs/hook/ld_library_path_lib.sh'
[0.544s] Level 1:colcon.colcon_core.environment:checking '/home/m5kro/ros2_ws/install/realsense2_camera_msgs/bin'
[0.544s] Level 1:colcon.colcon_core.environment:checking '/home/m5kro/ros2_ws/install/realsense2_camera_msgs/lib/pkgconfig/realsense2_camera_msgs.pc'
[0.544s] Level 1:colcon.colcon_core.environment:checking '/home/m5kro/ros2_ws/install/realsense2_camera_msgs/lib/python3.10/site-packages'
[0.544s] Level 1:colcon.colcon_core.environment:checking '/home/m5kro/ros2_ws/install/realsense2_camera_msgs/bin'
[0.544s] INFO:colcon.colcon_core.shell:Creating package script '/home/m5kro/ros2_ws/install/realsense2_camera_msgs/share/realsense2_camera_msgs/package.ps1'
[0.545s] INFO:colcon.colcon_core.shell:Creating package descriptor '/home/m5kro/ros2_ws/install/realsense2_camera_msgs/share/realsense2_camera_msgs/package.dsv'
[0.545s] INFO:colcon.colcon_core.shell:Creating package script '/home/m5kro/ros2_ws/install/realsense2_camera_msgs/share/realsense2_camera_msgs/package.sh'
[0.545s] INFO:colcon.colcon_core.shell:Creating package script '/home/m5kro/ros2_ws/install/realsense2_camera_msgs/share/realsense2_camera_msgs/package.bash'
[0.545s] INFO:colcon.colcon_core.shell:Creating package script '/home/m5kro/ros2_ws/install/realsense2_camera_msgs/share/realsense2_camera_msgs/package.zsh'
[0.545s] Level 1:colcon.colcon_core.environment:create_file_with_runtime_dependencies(/home/m5kro/ros2_ws/install/realsense2_camera_msgs/share/colcon-core/packages/realsense2_camera_msgs)
[0.546s] Level 1:colcon.colcon_core.environment:create_environment_scripts_only(realsense2_camera_msgs)
[0.546s] Level 1:colcon.colcon_core.environment:checking '/home/m5kro/ros2_ws/install/realsense2_camera_msgs' for CMake module files
[0.546s] Level 1:colcon.colcon_core.environment:checking '/home/m5kro/ros2_ws/install/realsense2_camera_msgs' for CMake config files
[0.546s] Level 1:colcon.colcon_core.shell:create_environment_hook('realsense2_camera_msgs', 'cmake_prefix_path')
[0.546s] INFO:colcon.colcon_core.shell:Creating environment hook '/home/m5kro/ros2_ws/install/realsense2_camera_msgs/share/realsense2_camera_msgs/hook/cmake_prefix_path.ps1'
[0.547s] INFO:colcon.colcon_core.shell:Creating environment descriptor '/home/m5kro/ros2_ws/install/realsense2_camera_msgs/share/realsense2_camera_msgs/hook/cmake_prefix_path.dsv'
[0.547s] INFO:colcon.colcon_core.shell:Creating environment hook '/home/m5kro/ros2_ws/install/realsense2_camera_msgs/share/realsense2_camera_msgs/hook/cmake_prefix_path.sh'
[0.547s] Level 1:colcon.colcon_core.environment:checking '/home/m5kro/ros2_ws/install/realsense2_camera_msgs/lib'
[0.547s] Level 1:colcon.colcon_core.shell:create_environment_hook('realsense2_camera_msgs', 'ld_library_path_lib')
[0.547s] INFO:colcon.colcon_core.shell:Creating environment hook '/home/m5kro/ros2_ws/install/realsense2_camera_msgs/share/realsense2_camera_msgs/hook/ld_library_path_lib.ps1'
[0.547s] INFO:colcon.colcon_core.shell:Creating environment descriptor '/home/m5kro/ros2_ws/install/realsense2_camera_msgs/share/realsense2_camera_msgs/hook/ld_library_path_lib.dsv'
[0.547s] INFO:colcon.colcon_core.shell:Creating environment hook '/home/m5kro/ros2_ws/install/realsense2_camera_msgs/share/realsense2_camera_msgs/hook/ld_library_path_lib.sh'
[0.548s] Level 1:colcon.colcon_core.environment:checking '/home/m5kro/ros2_ws/install/realsense2_camera_msgs/bin'
[0.548s] Level 1:colcon.colcon_core.environment:checking '/home/m5kro/ros2_ws/install/realsense2_camera_msgs/lib/pkgconfig/realsense2_camera_msgs.pc'
[0.548s] Level 1:colcon.colcon_core.environment:checking '/home/m5kro/ros2_ws/install/realsense2_camera_msgs/lib/python3.10/site-packages'
[0.548s] Level 1:colcon.colcon_core.environment:checking '/home/m5kro/ros2_ws/install/realsense2_camera_msgs/bin'
[0.548s] INFO:colcon.colcon_core.shell:Creating package script '/home/m5kro/ros2_ws/install/realsense2_camera_msgs/share/realsense2_camera_msgs/package.ps1'
[0.548s] INFO:colcon.colcon_core.shell:Creating package descriptor '/home/m5kro/ros2_ws/install/realsense2_camera_msgs/share/realsense2_camera_msgs/package.dsv'
[0.549s] INFO:colcon.colcon_core.shell:Creating package script '/home/m5kro/ros2_ws/install/realsense2_camera_msgs/share/realsense2_camera_msgs/package.sh'
[0.549s] INFO:colcon.colcon_core.shell:Creating package script '/home/m5kro/ros2_ws/install/realsense2_camera_msgs/share/realsense2_camera_msgs/package.bash'
[0.549s] INFO:colcon.colcon_core.shell:Creating package script '/home/m5kro/ros2_ws/install/realsense2_camera_msgs/share/realsense2_camera_msgs/package.zsh'
[0.549s] Level 1:colcon.colcon_core.environment:create_file_with_runtime_dependencies(/home/m5kro/ros2_ws/install/realsense2_camera_msgs/share/colcon-core/packages/realsense2_camera_msgs)
[0.549s] INFO:colcon.colcon_ros.task.ament_cmake.build:Building ROS package in '/home/m5kro/ros2_ws/src/realsense-ros/realsense2_camera' with build type 'ament_cmake'
[0.549s] INFO:colcon.colcon_cmake.task.cmake.build:Building CMake package in '/home/m5kro/ros2_ws/src/realsense-ros/realsense2_camera'
[0.550s] INFO:colcon.colcon_core.shell:Skip shell extension 'powershell' for command environment: Not usable outside of PowerShell
[0.550s] DEBUG:colcon.colcon_core.shell:Skip shell extension 'dsv' for command environment
[0.554s] INFO:colcon.colcon_ros.task.ament_cmake.build:Building ROS package in '/home/m5kro/ros2_ws/src/realsense-ros/realsense2_description' with build type 'ament_cmake'
[0.554s] INFO:colcon.colcon_cmake.task.cmake.build:Building CMake package in '/home/m5kro/ros2_ws/src/realsense-ros/realsense2_description'
[0.554s] INFO:colcon.colcon_core.shell:Skip shell extension 'powershell' for command environment: Not usable outside of PowerShell
[0.554s] DEBUG:colcon.colcon_core.shell:Skip shell extension 'dsv' for command environment
[0.559s] DEBUG:colcon.colcon_core.event_handler.log_command:Invoking command in '/home/m5kro/ros2_ws/build/realsense2_camera': CMAKE_PREFIX_PATH=/home/m5kro/ros2_ws/install/realsense2_camera_msgs:/home/m5kro/ros2_ws/install/realsense2_description:/home/m5kro/ros2_ws/install/realsense2_camera:/home/m5kro/ros2_ws/install/mirror:/home/m5kro/ros2_ws/src/mirror/install/mirror:/opt/ros/humble LD_LIBRARY_PATH=/home/m5kro/ros2_ws/install/realsense2_camera_msgs/lib:/home/m5kro/ros2_ws/install/realsense2_camera/lib:/opt/ros/humble/opt/rviz_ogre_vendor/lib:/opt/ros/humble/lib/x86_64-linux-gnu:/opt/ros/humble/lib /usr/bin/cmake --build /home/m5kro/ros2_ws/build/realsense2_camera -- -j12 -l12
[0.560s] DEBUG:colcon.colcon_core.event_handler.log_command:Invoking command in '/home/m5kro/ros2_ws/build/realsense2_description': CMAKE_PREFIX_PATH=/home/m5kro/ros2_ws/install/realsense2_camera_msgs:/home/m5kro/ros2_ws/install/realsense2_description:/home/m5kro/ros2_ws/install/realsense2_camera:/home/m5kro/ros2_ws/install/mirror:/home/m5kro/ros2_ws/src/mirror/install/mirror:/opt/ros/humble LD_LIBRARY_PATH=/home/m5kro/ros2_ws/install/realsense2_camera_msgs/lib:/home/m5kro/ros2_ws/install/realsense2_camera/lib:/opt/ros/humble/opt/rviz_ogre_vendor/lib:/opt/ros/humble/lib/x86_64-linux-gnu:/opt/ros/humble/lib /usr/bin/cmake --build /home/m5kro/ros2_ws/build/realsense2_description -- -j12 -l12
[0.590s] DEBUG:colcon.colcon_core.event_handler.log_command:Invoked command in '/home/m5kro/ros2_ws/build/realsense2_description' returned '0': CMAKE_PREFIX_PATH=/home/m5kro/ros2_ws/install/realsense2_camera_msgs:/home/m5kro/ros2_ws/install/realsense2_description:/home/m5kro/ros2_ws/install/realsense2_camera:/home/m5kro/ros2_ws/install/mirror:/home/m5kro/ros2_ws/src/mirror/install/mirror:/opt/ros/humble LD_LIBRARY_PATH=/home/m5kro/ros2_ws/install/realsense2_camera_msgs/lib:/home/m5kro/ros2_ws/install/realsense2_camera/lib:/opt/ros/humble/opt/rviz_ogre_vendor/lib:/opt/ros/humble/lib/x86_64-linux-gnu:/opt/ros/humble/lib /usr/bin/cmake --build /home/m5kro/ros2_ws/build/realsense2_description -- -j12 -l12
[0.591s] DEBUG:colcon.colcon_core.event_handler.log_command:Invoking command in '/home/m5kro/ros2_ws/build/realsense2_description': CMAKE_PREFIX_PATH=/home/m5kro/ros2_ws/install/realsense2_camera_msgs:/home/m5kro/ros2_ws/install/realsense2_description:/home/m5kro/ros2_ws/install/realsense2_camera:/home/m5kro/ros2_ws/install/mirror:/home/m5kro/ros2_ws/src/mirror/install/mirror:/opt/ros/humble LD_LIBRARY_PATH=/home/m5kro/ros2_ws/install/realsense2_camera_msgs/lib:/home/m5kro/ros2_ws/install/realsense2_camera/lib:/opt/ros/humble/opt/rviz_ogre_vendor/lib:/opt/ros/humble/lib/x86_64-linux-gnu:/opt/ros/humble/lib /usr/bin/cmake --install /home/m5kro/ros2_ws/build/realsense2_description
[0.606s] Level 1:colcon.colcon_core.environment:create_environment_scripts_only(realsense2_description)
[0.606s] Level 1:colcon.colcon_core.environment:checking '/home/m5kro/ros2_ws/install/realsense2_description' for CMake module files
[0.607s] DEBUG:colcon.colcon_core.event_handler.log_command:Invoked command in '/home/m5kro/ros2_ws/build/realsense2_description' returned '0': CMAKE_PREFIX_PATH=/home/m5kro/ros2_ws/install/realsense2_camera_msgs:/home/m5kro/ros2_ws/install/realsense2_description:/home/m5kro/ros2_ws/install/realsense2_camera:/home/m5kro/ros2_ws/install/mirror:/home/m5kro/ros2_ws/src/mirror/install/mirror:/opt/ros/humble LD_LIBRARY_PATH=/home/m5kro/ros2_ws/install/realsense2_camera_msgs/lib:/home/m5kro/ros2_ws/install/realsense2_camera/lib:/opt/ros/humble/opt/rviz_ogre_vendor/lib:/opt/ros/humble/lib/x86_64-linux-gnu:/opt/ros/humble/lib /usr/bin/cmake --install /home/m5kro/ros2_ws/build/realsense2_description
[0.607s] Level 1:colcon.colcon_core.environment:checking '/home/m5kro/ros2_ws/install/realsense2_description' for CMake config files
[0.607s] Level 1:colcon.colcon_core.shell:create_environment_hook('realsense2_description', 'cmake_prefix_path')
[0.608s] INFO:colcon.colcon_core.shell:Creating environment hook '/home/m5kro/ros2_ws/install/realsense2_description/share/realsense2_description/hook/cmake_prefix_path.ps1'
[0.608s] INFO:colcon.colcon_core.shell:Creating environment descriptor '/home/m5kro/ros2_ws/install/realsense2_description/share/realsense2_description/hook/cmake_prefix_path.dsv'
[0.608s] INFO:colcon.colcon_core.shell:Creating environment hook '/home/m5kro/ros2_ws/install/realsense2_description/share/realsense2_description/hook/cmake_prefix_path.sh'
[0.609s] Level 1:colcon.colcon_core.environment:checking '/home/m5kro/ros2_ws/install/realsense2_description/bin'
[0.609s] Level 1:colcon.colcon_core.environment:checking '/home/m5kro/ros2_ws/install/realsense2_description/lib/pkgconfig/realsense2_description.pc'
[0.609s] Level 1:colcon.colcon_core.environment:checking '/home/m5kro/ros2_ws/install/realsense2_description/lib/python3.10/site-packages'
[0.609s] Level 1:colcon.colcon_core.environment:checking '/home/m5kro/ros2_ws/install/realsense2_description/bin'
[0.609s] INFO:colcon.colcon_core.shell:Creating package script '/home/m5kro/ros2_ws/install/realsense2_description/share/realsense2_description/package.ps1'
[0.610s] INFO:colcon.colcon_core.shell:Creating package descriptor '/home/m5kro/ros2_ws/install/realsense2_description/share/realsense2_description/package.dsv'
[0.610s] INFO:colcon.colcon_core.shell:Creating package script '/home/m5kro/ros2_ws/install/realsense2_description/share/realsense2_description/package.sh'
[0.610s] INFO:colcon.colcon_core.shell:Creating package script '/home/m5kro/ros2_ws/install/realsense2_description/share/realsense2_description/package.bash'
[0.611s] INFO:colcon.colcon_core.shell:Creating package script '/home/m5kro/ros2_ws/install/realsense2_description/share/realsense2_description/package.zsh'
[0.611s] Level 1:colcon.colcon_core.environment:create_file_with_runtime_dependencies(/home/m5kro/ros2_ws/install/realsense2_description/share/colcon-core/packages/realsense2_description)
[0.612s] Level 1:colcon.colcon_core.environment:create_environment_scripts_only(realsense2_description)
[0.612s] Level 1:colcon.colcon_core.environment:checking '/home/m5kro/ros2_ws/install/realsense2_description' for CMake module files
[0.612s] Level 1:colcon.colcon_core.environment:checking '/home/m5kro/ros2_ws/install/realsense2_description' for CMake config files
[0.612s] Level 1:colcon.colcon_core.shell:create_environment_hook('realsense2_description', 'cmake_prefix_path')
[0.613s] INFO:colcon.colcon_core.shell:Creating environment hook '/home/m5kro/ros2_ws/install/realsense2_description/share/realsense2_description/hook/cmake_prefix_path.ps1'
[0.613s] INFO:colcon.colcon_core.shell:Creating environment descriptor '/home/m5kro/ros2_ws/install/realsense2_description/share/realsense2_description/hook/cmake_prefix_path.dsv'
[0.613s] INFO:colcon.colcon_core.shell:Creating environment hook '/home/m5kro/ros2_ws/install/realsense2_description/share/realsense2_description/hook/cmake_prefix_path.sh'
[0.613s] Level 1:colcon.colcon_core.environment:checking '/home/m5kro/ros2_ws/install/realsense2_description/bin'
[0.613s] Level 1:colcon.colcon_core.environment:checking '/home/m5kro/ros2_ws/install/realsense2_description/lib/pkgconfig/realsense2_description.pc'
[0.614s] Level 1:colcon.colcon_core.environment:checking '/home/m5kro/ros2_ws/install/realsense2_description/lib/python3.10/site-packages'
[0.614s] Level 1:colcon.colcon_core.environment:checking '/home/m5kro/ros2_ws/install/realsense2_description/bin'
[0.615s] INFO:colcon.colcon_core.shell:Creating package script '/home/m5kro/ros2_ws/install/realsense2_description/share/realsense2_description/package.ps1'
[0.616s] INFO:colcon.colcon_core.shell:Creating package descriptor '/home/m5kro/ros2_ws/install/realsense2_description/share/realsense2_description/package.dsv'
[0.616s] INFO:colcon.colcon_core.shell:Creating package script '/home/m5kro/ros2_ws/install/realsense2_description/share/realsense2_description/package.sh'
[0.617s] INFO:colcon.colcon_core.shell:Creating package script '/home/m5kro/ros2_ws/install/realsense2_description/share/realsense2_description/package.bash'
[0.617s] INFO:colcon.colcon_core.shell:Creating package script '/home/m5kro/ros2_ws/install/realsense2_description/share/realsense2_description/package.zsh'
[0.617s] Level 1:colcon.colcon_core.environment:create_file_with_runtime_dependencies(/home/m5kro/ros2_ws/install/realsense2_description/share/colcon-core/packages/realsense2_description)
[0.628s] DEBUG:colcon.colcon_core.event_handler.log_command:Invoked command in '/home/m5kro/ros2_ws/build/realsense2_camera' returned '0': CMAKE_PREFIX_PATH=/home/m5kro/ros2_ws/install/realsense2_camera_msgs:/home/m5kro/ros2_ws/install/realsense2_description:/home/m5kro/ros2_ws/install/realsense2_camera:/home/m5kro/ros2_ws/install/mirror:/home/m5kro/ros2_ws/src/mirror/install/mirror:/opt/ros/humble LD_LIBRARY_PATH=/home/m5kro/ros2_ws/install/realsense2_camera_msgs/lib:/home/m5kro/ros2_ws/install/realsense2_camera/lib:/opt/ros/humble/opt/rviz_ogre_vendor/lib:/opt/ros/humble/lib/x86_64-linux-gnu:/opt/ros/humble/lib /usr/bin/cmake --build /home/m5kro/ros2_ws/build/realsense2_camera -- -j12 -l12
[0.629s] DEBUG:colcon.colcon_core.event_handler.log_command:Invoking command in '/home/m5kro/ros2_ws/build/realsense2_camera': CMAKE_PREFIX_PATH=/home/m5kro/ros2_ws/install/realsense2_camera_msgs:/home/m5kro/ros2_ws/install/realsense2_description:/home/m5kro/ros2_ws/install/realsense2_camera:/home/m5kro/ros2_ws/install/mirror:/home/m5kro/ros2_ws/src/mirror/install/mirror:/opt/ros/humble LD_LIBRARY_PATH=/home/m5kro/ros2_ws/install/realsense2_camera_msgs/lib:/home/m5kro/ros2_ws/install/realsense2_camera/lib:/opt/ros/humble/opt/rviz_ogre_vendor/lib:/opt/ros/humble/lib/x86_64-linux-gnu:/opt/ros/humble/lib /usr/bin/cmake --install /home/m5kro/ros2_ws/build/realsense2_camera
[0.646s] Level 1:colcon.colcon_core.environment:create_environment_scripts_only(realsense2_camera)
[0.646s] Level 1:colcon.colcon_core.environment:checking '/home/m5kro/ros2_ws/install/realsense2_camera' for CMake module files
[0.647s] DEBUG:colcon.colcon_core.event_handler.log_command:Invoked command in '/home/m5kro/ros2_ws/build/realsense2_camera' returned '0': CMAKE_PREFIX_PATH=/home/m5kro/ros2_ws/install/realsense2_camera_msgs:/home/m5kro/ros2_ws/install/realsense2_description:/home/m5kro/ros2_ws/install/realsense2_camera:/home/m5kro/ros2_ws/install/mirror:/home/m5kro/ros2_ws/src/mirror/install/mirror:/opt/ros/humble LD_LIBRARY_PATH=/home/m5kro/ros2_ws/install/realsense2_camera_msgs/lib:/home/m5kro/ros2_ws/install/realsense2_camera/lib:/opt/ros/humble/opt/rviz_ogre_vendor/lib:/opt/ros/humble/lib/x86_64-linux-gnu:/opt/ros/humble/lib /usr/bin/cmake --install /home/m5kro/ros2_ws/build/realsense2_camera
[0.647s] Level 1:colcon.colcon_core.environment:checking '/home/m5kro/ros2_ws/install/realsense2_camera' for CMake config files
[0.647s] Level 1:colcon.colcon_core.shell:create_environment_hook('realsense2_camera', 'cmake_prefix_path')
[0.647s] INFO:colcon.colcon_core.shell:Creating environment hook '/home/m5kro/ros2_ws/install/realsense2_camera/share/realsense2_camera/hook/cmake_prefix_path.ps1'
[0.648s] INFO:colcon.colcon_core.shell:Creating environment descriptor '/home/m5kro/ros2_ws/install/realsense2_camera/share/realsense2_camera/hook/cmake_prefix_path.dsv'
[0.648s] INFO:colcon.colcon_core.shell:Creating environment hook '/home/m5kro/ros2_ws/install/realsense2_camera/share/realsense2_camera/hook/cmake_prefix_path.sh'
[0.648s] Level 1:colcon.colcon_core.environment:checking '/home/m5kro/ros2_ws/install/realsense2_camera/lib'
[0.648s] Level 1:colcon.colcon_core.shell:create_environment_hook('realsense2_camera', 'ld_library_path_lib')
[0.648s] INFO:colcon.colcon_core.shell:Creating environment hook '/home/m5kro/ros2_ws/install/realsense2_camera/share/realsense2_camera/hook/ld_library_path_lib.ps1'
[0.649s] INFO:colcon.colcon_core.shell:Creating environment descriptor '/home/m5kro/ros2_ws/install/realsense2_camera/share/realsense2_camera/hook/ld_library_path_lib.dsv'
[0.649s] INFO:colcon.colcon_core.shell:Creating environment hook '/home/m5kro/ros2_ws/install/realsense2_camera/share/realsense2_camera/hook/ld_library_path_lib.sh'
[0.649s] Level 1:colcon.colcon_core.environment:checking '/home/m5kro/ros2_ws/install/realsense2_camera/bin'
[0.649s] Level 1:colcon.colcon_core.environment:checking '/home/m5kro/ros2_ws/install/realsense2_camera/lib/pkgconfig/realsense2_camera.pc'
[0.649s] Level 1:colcon.colcon_core.environment:checking '/home/m5kro/ros2_ws/install/realsense2_camera/lib/python3.10/site-packages'
[0.649s] Level 1:colcon.colcon_core.environment:checking '/home/m5kro/ros2_ws/install/realsense2_camera/bin'
[0.649s] INFO:colcon.colcon_core.shell:Creating package script '/home/m5kro/ros2_ws/install/realsense2_camera/share/realsense2_camera/package.ps1'
[0.650s] INFO:colcon.colcon_core.shell:Creating package descriptor '/home/m5kro/ros2_ws/install/realsense2_camera/share/realsense2_camera/package.dsv'
[0.650s] INFO:colcon.colcon_core.shell:Creating package script '/home/m5kro/ros2_ws/install/realsense2_camera/share/realsense2_camera/package.sh'
[0.650s] INFO:colcon.colcon_core.shell:Creating package script '/home/m5kro/ros2_ws/install/realsense2_camera/share/realsense2_camera/package.bash'
[0.650s] INFO:colcon.colcon_core.shell:Creating package script '/home/m5kro/ros2_ws/install/realsense2_camera/share/realsense2_camera/package.zsh'
[0.651s] Level 1:colcon.colcon_core.environment:create_file_with_runtime_dependencies(/home/m5kro/ros2_ws/install/realsense2_camera/share/colcon-core/packages/realsense2_camera)
[0.651s] Level 1:colcon.colcon_core.environment:create_environment_scripts_only(realsense2_camera)
[0.651s] Level 1:colcon.colcon_core.environment:checking '/home/m5kro/ros2_ws/install/realsense2_camera' for CMake module files
[0.651s] Level 1:colcon.colcon_core.environment:checking '/home/m5kro/ros2_ws/install/realsense2_camera' for CMake config files
[0.651s] Level 1:colcon.colcon_core.shell:create_environment_hook('realsense2_camera', 'cmake_prefix_path')
[0.652s] INFO:colcon.colcon_core.shell:Creating environment hook '/home/m5kro/ros2_ws/install/realsense2_camera/share/realsense2_camera/hook/cmake_prefix_path.ps1'
[0.652s] INFO:colcon.colcon_core.shell:Creating environment descriptor '/home/m5kro/ros2_ws/install/realsense2_camera/share/realsense2_camera/hook/cmake_prefix_path.dsv'
[0.652s] INFO:colcon.colcon_core.shell:Creating environment hook '/home/m5kro/ros2_ws/install/realsense2_camera/share/realsense2_camera/hook/cmake_prefix_path.sh'
[0.652s] Level 1:colcon.colcon_core.environment:checking '/home/m5kro/ros2_ws/install/realsense2_camera/lib'
[0.652s] Level 1:colcon.colcon_core.shell:create_environment_hook('realsense2_camera', 'ld_library_path_lib')
[0.652s] INFO:colcon.colcon_core.shell:Creating environment hook '/home/m5kro/ros2_ws/install/realsense2_camera/share/realsense2_camera/hook/ld_library_path_lib.ps1'
[0.653s] INFO:colcon.colcon_core.shell:Creating environment descriptor '/home/m5kro/ros2_ws/install/realsense2_camera/share/realsense2_camera/hook/ld_library_path_lib.dsv'
[0.653s] INFO:colcon.colcon_core.shell:Creating environment hook '/home/m5kro/ros2_ws/install/realsense2_camera/share/realsense2_camera/hook/ld_library_path_lib.sh'
[0.653s] Level 1:colcon.colcon_core.environment:checking '/home/m5kro/ros2_ws/install/realsense2_camera/bin'
[0.653s] Level 1:colcon.colcon_core.environment:checking '/home/m5kro/ros2_ws/install/realsense2_camera/lib/pkgconfig/realsense2_camera.pc'
[0.653s] Level 1:colcon.colcon_core.environment:checking '/home/m5kro/ros2_ws/install/realsense2_camera/lib/python3.10/site-packages'
[0.653s] Level 1:colcon.colcon_core.environment:checking '/home/m5kro/ros2_ws/install/realsense2_camera/bin'
[0.654s] INFO:colcon.colcon_core.shell:Creating package script '/home/m5kro/ros2_ws/install/realsense2_camera/share/realsense2_camera/package.ps1'
[0.654s] INFO:colcon.colcon_core.shell:Creating package descriptor '/home/m5kro/ros2_ws/install/realsense2_camera/share/realsense2_camera/package.dsv'
[0.654s] INFO:colcon.colcon_core.shell:Creating package script '/home/m5kro/ros2_ws/install/realsense2_camera/share/realsense2_camera/package.sh'
[0.655s] INFO:colcon.colcon_core.shell:Creating package script '/home/m5kro/ros2_ws/install/realsense2_camera/share/realsense2_camera/package.bash'
[0.655s] INFO:colcon.colcon_core.shell:Creating package script '/home/m5kro/ros2_ws/install/realsense2_camera/share/realsense2_camera/package.zsh'
[0.655s] Level 1:colcon.colcon_core.environment:create_file_with_runtime_dependencies(/home/m5kro/ros2_ws/install/realsense2_camera/share/colcon-core/packages/realsense2_camera)
[0.656s] DEBUG:colcon.colcon_parallel_executor.executor.parallel:closing loop
[0.657s] DEBUG:colcon.colcon_parallel_executor.executor.parallel:loop closed
[0.657s] DEBUG:colcon.colcon_parallel_executor.executor.parallel:run_until_complete finished with '0'
[0.657s] DEBUG:colcon.colcon_core.event_reactor:joining thread
[0.661s] INFO:colcon.colcon_core.plugin_system:Skipping extension 'colcon_notification.desktop_notification.terminal_notifier': Not used on non-Darwin systems
[0.661s] INFO:colcon.colcon_core.plugin_system:Skipping extension 'colcon_notification.desktop_notification.win32': Not used on non-Windows systems
[0.661s] INFO:colcon.colcon_notification.desktop_notification:Sending desktop notification using 'notify2'
[0.672s] DEBUG:colcon.colcon_core.event_reactor:joined thread
[0.672s] INFO:colcon.colcon_core.shell:Creating prefix script '/home/m5kro/ros2_ws/install/local_setup.ps1'
[0.673s] INFO:colcon.colcon_core.shell:Creating prefix util module '/home/m5kro/ros2_ws/install/_local_setup_util_ps1.py'
[0.674s] INFO:colcon.colcon_core.shell:Creating prefix chain script '/home/m5kro/ros2_ws/install/setup.ps1'
[0.675s] INFO:colcon.colcon_core.shell:Creating prefix script '/home/m5kro/ros2_ws/install/local_setup.sh'
[0.676s] INFO:colcon.colcon_core.shell:Creating prefix util module '/home/m5kro/ros2_ws/install/_local_setup_util_sh.py'
[0.676s] INFO:colcon.colcon_core.shell:Creating prefix chain script '/home/m5kro/ros2_ws/install/setup.sh'
[0.677s] INFO:colcon.colcon_core.shell:Creating prefix script '/home/m5kro/ros2_ws/install/local_setup.bash'
[0.677s] INFO:colcon.colcon_core.shell:Creating prefix chain script '/home/m5kro/ros2_ws/install/setup.bash'
[0.681s] INFO:colcon.colcon_core.shell:Creating prefix script '/home/m5kro/ros2_ws/install/local_setup.zsh'
[0.682s] INFO:colcon.colcon_core.shell:Creating prefix chain script '/home/m5kro/ros2_ws/install/setup.zsh'
